player,team,league,deep_lying_playmaker_score,ball_winner_score,dribbler_score,final_third_score,age
Declan Rice,Arsenal,ENG-Premier League,93.64359670691064,94.26188517957958,87.22312454009176,54.00779602631386,24
Jorginho,Arsenal,ENG-Premier League,71.4106988683457,59.71072102954288,39.88508806410704,37.50113210673668,31
Kai Havertz,Arsenal,ENG-Premier League,53.15976113065396,72.22483982377067,61.695727922610224,90.0627061360644,24
Martin Ødegaard,Arsenal,ENG-Premier League,85.15471277978322,71.84129833643927,81.92299327811696,81.87622318921301,24
Thomas Partey,Arsenal,ENG-Premier League,58.954132460183864,49.83510083940181,54.90742065818115,38.65098137965631,30
Boubacar Kamara,Aston Villa,ENG-Premier League,65.72296564600425,71.8231149167072,61.72199063247314,34.51199740785279,23
Douglas Luiz,Aston Villa,ENG-Premier League,81.55270403836846,80.72681365404523,80.90759655470457,62.05164097701213,25
Jacob Ramsey,Aston Villa,ENG-Premier League,23.61304689683562,40.96840633115417,51.607877644332056,83.59599576739726,22
John McGinn,Aston Villa,ENG-Premier League,77.56053994701077,80.5316322361019,75.35294361756799,73.03853948682911,28
Leon Bailey,Aston Villa,ENG-Premier League,49.3707314857842,48.35938576404546,84.80714928914466,96.1175812637241,25
Morgan Rogers,Aston Villa,ENG-Premier League,28.375070813267456,19.453270765383294,50.647556959337884,81.66943938654117,21
Nicolò Zaniolo,Aston Villa,ENG-Premier League,22.751796033975346,28.75738868357076,54.15458825849099,86.8040855427764,24
Youri Tielemans,Aston Villa,ENG-Premier League,72.10626584699672,68.49271666066007,59.015339736062124,56.16039190005881,26
Christian Nørgaard,Brentford,ENG-Premier League,86.6825361122675,89.30671961499166,55.66049119807294,49.446268042101785,29
Frank Onyeka,Brentford,ENG-Premier League,35.358529309988185,59.74022045604125,46.72960097983766,70.98250927744678,25
Mathias Jensen,Brentford,ENG-Premier League,76.47837689726934,76.05402120526104,62.22906778143095,53.861390612440516,27
Mikkel Damsgaard,Brentford,ENG-Premier League,54.200107616923724,57.30790999491817,54.492319326836856,53.50959566528197,23
Vitaly Janelt,Brentford,ENG-Premier League,78.36213435409401,79.27927888267247,63.059710740075424,50.928642478427875,25
James Milner,Brighton,ENG-Premier League,52.063802995996845,45.876820792517776,31.704262683526448,42.06687223489322,37
Aaron Ramsey,Burnley,ENG-Premier League,0.0,32.173012618572756,22.494083697369486,54.73019958114692,20
Jacob Bruun Larsen,Burnley,ENG-Premier League,34.74908673576989,35.208670925115094,75.13465969026406,86.49714578099157,24
Josh Brownhill,Burnley,ENG-Premier League,66.72239963059475,79.5256567869893,51.49471770679758,47.86998436443869,27
Josh Cullen,Burnley,ENG-Premier League,77.58394941303337,64.04795332486904,57.51136572728125,40.24461244041436,27
Jóhann Berg Guðmundsson,Burnley,ENG-Premier League,49.68698870235994,36.680197756810486,37.08508263189178,69.27092983557318,32
Luca Koleosho,Burnley,ENG-Premier League,10.76935505721873,18.038876512113752,77.26878637661414,86.66031972170161,18
Sander Berge,Burnley,ENG-Premier League,82.12668252229916,81.98338887253148,84.18984865699508,47.53414669616511,25
Wilson Odobert,Burnley,ENG-Premier League,42.531302152613016,51.2434373990286,88.94472090839335,90.48505861314425,18
Adam Wharton,Crystal Palace,ENG-Premier League,64.05918165336102,64.4576925878227,44.42179878264259,54.93753615185223,19
Jefferson Lerma,Crystal Palace,ENG-Premier League,74.64157205767829,69.5997339232166,57.91493148742533,47.13537707687526,28
Will Hughes,Crystal Palace,ENG-Premier League,61.400046014496446,71.21532533789879,47.57217328905321,41.64640719162461,28
Amadou Onana,Everton,ENG-Premier League,76.54789469885874,72.79187832464764,67.21881032641033,53.373210984127276,21
André Gomes,Everton,ENG-Premier League,41.38734969340058,21.442128775268337,36.27611893626406,50.00670211963266,30
Arnaut Danjuma,Everton,ENG-Premier League,2.180727030137356,8.245720650095791,60.04278599299121,99.10580306841248,26
Dwight McNeil,Everton,ENG-Premier League,67.41764006738687,73.5624875488708,81.91697951308198,78.94960937778711,23
Idrissa Gana Gueye,Everton,ENG-Premier League,67.57293479596164,75.3624860019686,68.16248880884622,47.05681863710954,33
Jack Harrison,Everton,ENG-Premier League,49.3110517517202,61.3615288816024,74.50530965807334,78.81139015445255,26
James Garner,Everton,ENG-Premier League,72.8626018451609,84.91411335985855,75.15221954573947,61.82789782856838,22
Alexis Mac Allister,Liverpool,ENG-Premier League,81.76818684710616,97.23129446723236,68.79577039749918,55.85344211692288,24
Curtis Jones,Liverpool,ENG-Premier League,47.46829470869509,55.360182547726964,56.576988697209615,58.39673033674815,22
Dominik Szoboszlai,Liverpool,ENG-Premier League,69.39745868078569,74.5365972468677,78.60333030758326,70.33999153505556,22
Harvey Elliott,Liverpool,ENG-Premier League,65.43128110862185,57.502828907424266,66.65764055780369,75.2889904490247,20
Ryan Gravenberch,Liverpool,ENG-Premier League,45.99110078864338,64.00462611157558,60.043527869452575,71.7734279660726,21
Wataru Endo,Liverpool,ENG-Premier League,64.52026075092743,78.67148995986206,41.75558761255802,34.985944861065306,30
Albert Sambi Lokonga,Luton Town,ENG-Premier League,67.80052895757397,53.803621781121514,73.38762414827234,38.87625828716775,23
Marvelous Nakamba,Luton Town,ENG-Premier League,50.13846624960379,61.53611032274872,14.891413942639234,30.582376205773766,29
Pelly Ruddock Mpanzu,Luton Town,ENG-Premier League,39.61049723448852,35.69020761841111,37.470230491921505,58.758820323453165,30
Ross Barkley,Luton Town,ENG-Premier League,83.26566395032188,66.17647866624401,85.79731864580577,62.82440546971873,29
Bernardo Silva,Manchester City,ENG-Premier League,67.39105355084656,82.00924454524502,86.43828043154738,69.43734774220385,28
Julián Álvarez,Manchester City,ENG-Premier League,46.684710222499156,51.55176861074702,61.928870637326625,86.97751219247071,23
Kevin De Bruyne,Manchester City,ENG-Premier League,54.08923558574735,35.99301669522818,62.12273968300065,79.90088340324414,32
Bruno Guimarães,Newcastle Utd,ENG-Premier League,89.71003890024869,90.97664489110973,86.45924474871909,62.29540898204268,25
Elliot Anderson,Newcastle Utd,ENG-Premier League,42.34619235983189,58.636364733549115,63.96951666985823,65.4072014034495,20
Joelinton,Newcastle Utd,ENG-Premier League,45.57388741968388,69.56446482774714,57.13878482478676,69.20213441457668,26
Lewis Miley,Newcastle Utd,ENG-Premier League,46.92515427038811,60.36061610261733,44.51779418623941,54.45378836510838,17
Sean Longstaff,Newcastle Utd,ENG-Premier League,73.49110608079592,77.98272083518879,52.91371549882228,60.93089566593356,25
Ibrahim Sangaré,Nott'ham Forest,ENG-Premier League,52.49563657825185,61.38333053773951,36.83907555420035,31.541297973967,25
Orel Mangala,Nott'ham Forest,ENG-Premier League,51.81671875841637,49.30029441597304,54.68807311746284,32.286477063662346,25
Andre Brooks,Sheffield Utd,ENG-Premier League,19.762011004465784,46.085636569809054,47.88041527651952,43.03786463693407,19
Gustavo Hamer,Sheffield Utd,ENG-Premier League,80.32942565231657,65.49549010922647,79.21451421194242,71.2860182800361,26
James Mcatee,Sheffield Utd,ENG-Premier League,44.3997280045257,48.78748810250703,79.49478898350942,81.27236298206209,20
Oliver Arblaster,Sheffield Utd,ENG-Premier League,53.85272821890226,47.40631316004213,60.56627770142406,47.274405327111104,19
Oliver Norwood,Sheffield Utd,ENG-Premier League,77.25009721369182,61.270309856313176,30.927339944506944,30.19905192808744,32
Vinicius Souza,Sheffield Utd,ENG-Premier League,65.1975613908218,87.17435652241925,50.521967672745596,15.140568915973704,24
Boubacar Traoré,Wolves,ENG-Premier League,32.35910954825433,50.01850284757129,36.86137436244477,34.00716841250091,21
João Gomes,Wolves,ENG-Premier League,63.99617464065377,87.9939584235935,62.56525016850225,44.58492369952803,22
Mario Lemina,Wolves,ENG-Premier League,63.51399834740947,86.66732912447088,71.38710897029704,49.264865934628475,29
Tommy Doyle,Wolves,ENG-Premier League,69.7135204424627,53.52345803113071,50.363809120133205,29.9566518561099,21
Koke,Atlético Madrid,ESP-La Liga,91.71736054454598,76.65709548221612,63.56774271818127,29.68467831356147,32
Marcos Llorente,Atlético Madrid,ESP-La Liga,63.488621220247765,68.02148082449668,72.78214853424734,65.1761424613814,29
Pablo Barrios,Atlético Madrid,ESP-La Liga,62.363396515450134,70.74007284148985,67.96956814616159,48.58741966917648,20
Rodrigo De Paul,Atlético Madrid,ESP-La Liga,84.67678081963345,63.09041287802379,87.93357877377044,64.29536025970064,29
Saúl Ñíguez,Atlético Madrid,ESP-La Liga,38.03058423457398,75.45711733856973,47.56747765623221,54.67927920986163,29
Fermin López,Barcelona,ESP-La Liga,41.75558657541011,59.89509316373104,54.6995196728208,81.22208852486824,21
Frenkie de Jong,Barcelona,ESP-La Liga,81.11123935054995,72.96180860181335,82.47633278629303,53.108633342428476,27
Gavi,Barcelona,ESP-La Liga,34.5300191899141,69.87570684671948,53.89438077934705,58.91978520483797,19
Oriol Romeu,Barcelona,ESP-La Liga,53.77848151888526,65.2926230491878,40.40037503226747,39.1252230993653,32
Pedri,Barcelona,ESP-La Liga,64.90598852847488,76.55201493800318,66.13567346048312,66.166764244111,21
Sergi Roberto,Barcelona,ESP-La Liga,41.304387750827146,50.20845944242739,33.95000138863998,54.56499643911972,32
İlkay Gündoğan,Barcelona,ESP-La Liga,81.36105414125012,74.93352827083129,81.33243133137165,72.30996668651707,33
Carles Pérez,Celta Vigo,ESP-La Liga,13.773157463277997,34.45890395408356,62.1439070756866,76.20105478670332,26
Carlos Dotor,Celta Vigo,ESP-La Liga,32.80628086066843,34.30572210824586,13.068504994965638,26.516231443524845,23
Fran Beltrán,Celta Vigo,ESP-La Liga,77.04823267367235,71.38183378421517,67.06029651532128,39.31370416787269,25
Franco Cervi,Celta Vigo,ESP-La Liga,35.15746229965458,47.931666124038344,36.600542799742385,64.36476336259295,29
Hugo Sotelo,Celta Vigo,ESP-La Liga,51.95680290586917,30.179025784510998,51.728421534850625,49.47298445295495,20
Hugo Álvarez,Celta Vigo,ESP-La Liga,34.58756569136312,27.423922956004088,68.52340500573526,71.25885085026363,20
Jailson Siqueira,Celta Vigo,ESP-La Liga,54.12919117515569,51.45731134921986,58.676824092799684,28.40254083008491,28
Jonathan Bamba,Celta Vigo,ESP-La Liga,53.357884812338064,46.420267009482025,92.28248043641383,80.4097005225815,28
Luca de la Torre,Celta Vigo,ESP-La Liga,57.98856846148747,62.03394431522613,71.47237361009277,63.50492311558147,25
Renato Tapia,Celta Vigo,ESP-La Liga,62.3065975638322,70.16707820214386,55.94993261875072,39.205328612813176,28
Darwin Machís,Cádiz,ESP-La Liga,18.700079934104348,40.27052090418705,50.34373792787421,76.34334302766754,31
Gonzalo Escalante,Cádiz,ESP-La Liga,62.08720853649179,68.67041738689161,30.40057020741383,45.83079606085765,31
Iván Alejo,Cádiz,ESP-La Liga,34.225736253860255,54.00485364843352,72.79072017358459,70.27189817031007,29
Roberto Navarro,Cádiz,ESP-La Liga,50.96383054459261,66.81169594944286,89.26267083499259,77.22570691794844,22
Rominigue Kouamé,Cádiz,ESP-La Liga,51.498613768330806,44.25202843317215,63.11203170577514,34.636520683940795,27
Rubén Alcaraz,Cádiz,ESP-La Liga,87.43424014835199,91.65668809360349,66.90572161395686,47.34001477780445,33
Rubén Sobrino,Cádiz,ESP-La Liga,37.29777613106194,70.26748259832847,61.02006552705379,66.00318987773673,31
Álex Fernández,Cádiz,ESP-La Liga,59.383113422190284,50.90446614914447,45.34319465878929,49.111420381502654,31
Carles Aleñá,Getafe,ESP-La Liga,28.222288961665736,43.56381093236812,39.22958068635858,65.02745089083697,26
Carmona,Getafe,ESP-La Liga,46.869427979682804,63.55914372102468,62.425167341315216,56.31993123336827,22
Ilaix Moriba,Getafe,ESP-La Liga,24.908175011172727,30.323775871721022,34.78880342226824,56.877507898312096,21
Jesús Santiago,Getafe,ESP-La Liga,20.647607870863094,11.29811137080814,32.88363530222456,57.82914139510418,19
Jordi,Getafe,ESP-La Liga,14.203001558024193,40.30604043833376,36.42333413457089,65.63195552732611,23
Luis Milla,Getafe,ESP-La Liga,78.36798646219384,76.49709825759757,71.43997486530552,44.82879133320859,29
Mason Greenwood,Getafe,ESP-La Liga,56.35204233957884,26.82540706007218,96.81450846048236,93.08715472330587,22
Nemanja Maksimović,Getafe,ESP-La Liga,63.052674169146314,88.69181726289195,61.09367227675855,60.41495751836609,29
Óscar Rodríguez Arnaiz,Getafe,ESP-La Liga,42.59001948797975,46.53731985538241,46.81228484697236,71.91925723516377,25
Iván Martín,Girona,ESP-La Liga,65.18037351498968,73.37294323224135,79.48633614766842,56.32149672121398,25
Sávio,Girona,ESP-La Liga,48.21547482447254,71.10009410117564,96.91133009083387,92.86416976746216,20
Valery Fernández,Girona,ESP-La Liga,0.8102940136425978,25.575422260028503,44.43099713565184,66.76824917660072,24
Viktor Tsyhankov,Girona,ESP-La Liga,50.407023196028966,64.28754927758003,69.29896825438183,85.75138326107114,26
Yangel Herrera,Girona,ESP-La Liga,56.82525925742507,81.47768354414696,53.87597945550892,58.42273287279619,26
Facundo Pellistri,Granada,ESP-La Liga,16.66716994215792,46.888101241209526,58.65765881684985,81.75532290340347,22
Gerard Gumbau,Granada,ESP-La Liga,84.75653146239584,74.33930808766945,63.23859774002436,45.990982322402985,29
Gonzalo Villar,Granada,ESP-La Liga,62.13376649011379,65.99239565749482,72.29494645016912,59.82061640860237,26
José Callejón,Granada,ESP-La Liga,41.60651996374033,29.067706292231023,36.18474922025043,67.39745949869396,37
Kamil Jóźwiak,Granada,ESP-La Liga,19.046577517123847,20.265013257011844,47.02906847236677,64.68260057683334,26
Martin Hongla,Granada,ESP-La Liga,33.39067226484546,19.587901250813534,21.45566336101335,16.609016291076237,26
Sergio Ruiz,Granada,ESP-La Liga,77.20644305023386,79.88338672551829,79.2159733685073,40.67743628031572,29
Óscar Melendo,Granada,ESP-La Liga,40.83742068436666,32.84297337204794,57.045902314562525,53.826212592127455,26
Enzo Loiodice,Las Palmas,ESP-La Liga,54.775831321238414,74.85601564417553,59.23009517459391,38.23743318467119,23
Javier Muñoz,Las Palmas,ESP-La Liga,63.82333102718207,78.33470026786074,59.623433746968836,48.91404810360934,29
Jonathan Viera,Las Palmas,ESP-La Liga,45.04161123483289,0.0,59.1829781727496,71.00122304420358,34
Kirian Rodríguez,Las Palmas,ESP-La Liga,90.08523214020938,84.44222020789218,75.32963484159879,29.91490773346782,28
Máximo Perrone,Las Palmas,ESP-La Liga,61.985283818749274,76.5368988451384,50.586979216361826,20.813715601657034,21
Antonio Sánchez,Mallorca,ESP-La Liga,48.42476549640156,56.9112968045132,60.544618377026104,71.16946045491453,27
Dani Rodríguez,Mallorca,ESP-La Liga,66.87861974454643,70.903331731736,76.72912403613148,70.39615131410176,35
Manu Morlanes,Mallorca,ESP-La Liga,70.25218963548677,63.96485252482358,69.86991730165951,61.40982810437827,25
Omar Mascarell,Mallorca,ESP-La Liga,69.88105362444712,66.4854050921551,57.95198262645302,16.958537480397844,31
Samu Costa,Mallorca,ESP-La Liga,69.77963500402821,81.5871038316456,51.72892280750455,38.312958470707805,23
Sergi Darder,Mallorca,ESP-La Liga,74.44999411007531,65.959115997426,82.85181182146657,75.65567989159467,30
Aimar Oroz,Osasuna,ESP-La Liga,60.19217474110273,71.05527715617418,75.20523402274166,65.2419701572848,22
Iker Muñoz,Osasuna,ESP-La Liga,66.84994217661549,58.18991237220597,55.9305575446086,24.68977557052378,21
Jon Moncayola,Osasuna,ESP-La Liga,70.72422894346535,66.64012767913835,50.658632768981136,41.885896934100295,26
Lucas Torró,Osasuna,ESP-La Liga,57.852134251879264,59.20920711996989,28.031648656990228,32.912712831951296,29
Moi Gómez,Osasuna,ESP-La Liga,75.57096447471613,59.031110407803276,76.16297446399095,48.17128008231705,29
Pablo Ibáñez,Osasuna,ESP-La Liga,52.192858585112035,52.80479379627345,61.235619452173474,67.96905778439404,25
Crespo,Rayo Vallecano,ESP-La Liga,31.158810356024052,48.722144540969055,44.63611755415656,36.573523704549764,27
Isaac Palazón Camacho,Rayo Vallecano,ESP-La Liga,64.86186056381055,73.02200363899546,68.3724562045178,69.27465911142417,29
Jorge de Frutos,Rayo Vallecano,ESP-La Liga,36.1770206414137,37.59452776218057,72.34181350168416,77.30242232625916,27
Unai López,Rayo Vallecano,ESP-La Liga,75.1770980245918,71.6834755472895,75.10766217294335,41.534340013049714,28
Óscar Valentín,Rayo Vallecano,ESP-La Liga,82.0394160981274,97.42899446916226,64.01522112045265,40.088540994328206,29
Eduardo Camavinga,Real Madrid,ESP-La Liga,63.63376524266927,88.36629133699151,77.17320811595046,46.671980089704476,21
Federico Valverde,Real Madrid,ESP-La Liga,86.52418413483377,86.22235543879117,90.88343103277512,59.27466912692106,25
Toni Kroos,Real Madrid,ESP-La Liga,97.85607262596334,74.55729154047269,64.20046479713216,48.261039325359384,34
Arsen Zakharyan,Real Sociedad,ESP-La Liga,40.31793391746675,49.19531998946977,60.12306539079341,78.3526461650032,20
Beñat Turrientes,Real Sociedad,ESP-La Liga,46.73460084775608,57.57865962403517,65.20228636545153,45.997849682130635,22
Brais Méndez,Real Sociedad,ESP-La Liga,65.66410685199958,72.07812396661794,68.57356062835042,71.35875606594018,27
Martín Zubimendi,Real Sociedad,ESP-La Liga,82.31140079207849,85.05070696100647,71.07040097764043,51.917930546594434,25
Mikel Merino,Real Sociedad,ESP-La Liga,74.4754002914431,85.59511146586182,59.07398569727409,53.78252728148897,27
Boubakary Soumaré,Sevilla,ESP-La Liga,70.25241754957257,72.97458553121051,68.97214836932466,7.0816578404105375,25
Djibril Sow,Sevilla,ESP-La Liga,58.38156191837221,65.69303764110138,56.45573541483717,53.263895669890346,27
Ivan Rakitić,Sevilla,ESP-La Liga,75.20434762905491,59.2878084258481,62.525660717542245,58.15295242491181,36
Lucien Agoume,Sevilla,ESP-La Liga,42.93415828084291,43.97357669231351,42.99729198874319,47.494976622288036,22
Suso,Sevilla,ESP-La Liga,63.92429699712597,42.47096241391097,72.26747514366583,74.02242093794916,30
Óliver Torres,Sevilla,ESP-La Liga,63.12287545905879,66.4791080592538,63.13636084836085,50.59887523455765,29
Francisco Perez,Valencia,ESP-La Liga,36.968355182437705,54.17672919087144,76.67357493007346,62.948014388589456,21
Hugo Guillamón,Valencia,ESP-La Liga,63.96592142466591,45.94618051628881,32.81713672720146,22.422113539070445,24
Javier Guerra,Valencia,ESP-La Liga,58.95520199895052,69.05942881393756,77.51753743636573,61.49584243604351,21
José Luis García Vayá,Valencia,ESP-La Liga,100.0,87.76615576184926,76.86531932445352,59.885674878199865,25
Peter González,Valencia,ESP-La Liga,13.639349419318705,22.001477111972147,42.606218048666875,81.52088708840594,21
Sergi Canós,Valencia,ESP-La Liga,42.758256142429836,47.941872137174286,60.88013932860189,72.72560332783732,27
Alex Baena,Villarreal,ESP-La Liga,74.09736220944013,63.797361183232894,79.84090121570307,89.68452126823142,22
Bertrand Traoré,Villarreal,ESP-La Liga,26.84980086353608,6.036564302294556,57.33190799140064,72.70496213667042,28
Daniel Parejo,Villarreal,ESP-La Liga,93.65498188706512,71.41021165507003,60.774633637377605,44.133323052371054,35
Francis Coquelin,Villarreal,ESP-La Liga,50.46774371099729,53.32037885491867,26.206440632420392,32.33034571326311,33
Ilias Akhomach,Villarreal,ESP-La Liga,34.69454671098792,57.316466431447836,81.63711983167687,87.59018016655106,20
Ramón Terrats,Villarreal,ESP-La Liga,39.3062374227347,29.43138817451793,54.62973187061691,56.202364659175274,23
Santi Comesaña,Villarreal,ESP-La Liga,65.49320735429013,72.80806082607167,63.10664344265481,56.8649023594712,27
Yeremi Pino,Villarreal,ESP-La Liga,0.278215689529999,48.319564019441536,35.4925220818388,75.06801380262074,21
Étienne Capoue,Villarreal,ESP-La Liga,60.81422859831035,65.13183376520217,61.707863308654,46.808393498733544,35
Amadou Diawara,Anderlecht,BEL-Pro League,41.43925348304951,34.115441338395414,17.367489948992493,26.29016219598453,26
Kristian Arnstad,Anderlecht,BEL-Pro League,37.07911446559605,34.53775884169632,51.156269443414224,35.28206700733563,20
Mario Stroeykens,Anderlecht,BEL-Pro League,63.96746103958147,79.00814324712009,66.49916824052978,54.997536317562925,19
Mats Rits,Anderlecht,BEL-Pro League,82.73737817940095,75.62807201195812,52.81843376960869,41.022890320837014,30
Theo Leoni,Anderlecht,BEL-Pro League,78.72450307359323,92.63599447664083,58.64756476358206,54.192781656791446,24
Thomas Delaney,Anderlecht,BEL-Pro League,54.866747065944296,61.513691679405916,29.126827497967895,59.92285938669417,32
Yari Verschaeren,Anderlecht,BEL-Pro League,45.683230778765044,65.95337933720138,53.932413893503806,60.47906502398484,22
Hannes Van der Bruggen,Cercle Brugge,BEL-Pro League,91.2635386426927,87.78326945125126,54.33775367054889,54.74847011947562,31
Leonardo da Silva Lopes,Cercle Brugge,BEL-Pro League,78.5905614430169,84.88377272715773,63.11226353082303,70.86601911393092,25
Adem Zorgane,Charleroi,BEL-Pro League,95.5568434120549,82.51055355638076,82.90088847885742,61.156056584224864,24
Antoine Bernier,Charleroi,BEL-Pro League,15.258384946831843,42.01758811047517,53.6114550849087,91.07847063557392,26
Marco Ilaimaharitra,Charleroi,BEL-Pro League,86.0344566766439,86.77820179161272,73.49200938274325,57.67909057075546,28
Ryota Morioka,Charleroi,BEL-Pro League,57.99386660840105,72.02539632687423,47.46156404405776,37.871691330778404,33
Amadou Keita,Eupen,BEL-Pro League,53.094659275387016,70.02786084903947,65.35083945018408,60.746846920002696,22
Boris lambert,Eupen,BEL-Pro League,76.82527816157899,77.41285838949959,69.83137905760474,28.175553574359807,24
Brandon Baiye,Eupen,BEL-Pro League,68.42241422874251,90.76049062953537,64.9733226356026,38.86061195680036,23
Isaac Christie-Davies,Eupen,BEL-Pro League,35.584120616689496,20.7073265557648,45.28484080543812,42.94525754601246,26
Jerome Deom,Eupen,BEL-Pro League,34.04690865292643,46.5670905393973,44.04476223574763,65.26608017927863,25
Kevin Möhwald,Eupen,BEL-Pro League,67.03999228339796,62.63234500927868,52.964965769358976,42.683701848683626,30
Miloš Pantović,Eupen,BEL-Pro League,50.32123334890349,50.84551813541961,49.034402966741204,62.038716618924916,27
Julien De Sart,Gent,BEL-Pro League,99.29603073269996,97.46384067892308,74.27381486407052,51.84930389847017,29
Omri Gandelman,Gent,BEL-Pro League,41.463224599872106,49.02743531400656,26.87182625281754,71.63548296094271,24
Sven Kums,Gent,BEL-Pro League,89.44105630284673,72.7302604585773,66.13992325574333,57.2566377693432,36
Abdelkahar Kadri,Kortrijk,BEL-Pro League,80.71049678038472,79.19551316300523,91.16800464948686,74.51603045893337,23
Abdoulaye Sissako,Kortrijk,BEL-Pro League,69.70771361195835,78.9399534653853,70.60962027672839,39.65522756405873,25
Kristiyan Malinov,Kortrijk,BEL-Pro League,61.97849601493919,58.77007018324226,36.483219539586436,46.42224092333981,30
Marco Kana,Kortrijk,BEL-Pro League,75.37263521943828,68.17158135300309,48.4097604849385,14.915270644901266,21
Massimo Bruno,Kortrijk,BEL-Pro League,56.42633965095042,45.96980766143919,64.05970224486943,67.45775536124347,30
Bill Antonio,Mechelen,BEL-Pro League,16.818749952060642,27.955366782761278,56.34848858524472,86.22264006491223,21
Ngal'Ayel Mukau,Mechelen,BEL-Pro League,48.73973198273096,71.51845692347368,59.419828397500495,8.391071743556022,19
Rob Schoofs,Mechelen,BEL-Pro League,87.69072945474394,75.73444895267149,87.73849259024567,69.4624243658055,30
Ezechiel Banzuzi,OH Leuven,BEL-Pro League,59.49805397594016,63.548981594777864,58.51195151279771,54.35600303066474,19
Joren Dom,OH Leuven,BEL-Pro League,64.577742907711,63.76638515324824,51.17159818932989,48.481134350141375,34
Kento Misao,OH Leuven,BEL-Pro League,31.36068121608505,56.333339249712324,5.241532784389254,33.391653923819916,28
Raz Shlomo,OH Leuven,BEL-Pro League,40.56957146870212,28.259977187686204,35.49566997089993,45.65268234513937,24
Siebe Schrijvers,OH Leuven,BEL-Pro League,89.05174541345382,91.00874722998931,73.79417871323555,58.56592860280926,27
Alexis De Sart,RWD Molenbeek,BEL-Pro League,32.790252418440126,42.25981807257122,30.640599214957025,70.63293332724959,27
Florent da Silva,RWD Molenbeek,BEL-Pro League,41.51222816665807,29.239207182390313,27.191081843651073,59.292565365116644,21
Pierre Dwomoh,RWD Molenbeek,BEL-Pro League,78.26652337449684,86.45363302480435,73.71645537296334,50.10178564696551,19
Shuto Abe,RWD Molenbeek,BEL-Pro League,64.645926051477,70.34599145290589,49.46921283553796,45.9557713326067,26
Joel Fujita,Sint-Truiden,BEL-Pro League,50.968734837445325,65.6218944723744,48.33529595553589,54.12597045490825,22
Mathias Delorge,Sint-Truiden,BEL-Pro League,90.02521517477321,90.44457941794725,70.85473659120977,40.23262484122427,19
Ryotaro Ito,Sint-Truiden,BEL-Pro League,72.51488829788865,40.22562240163975,71.37409734136544,68.33355053139204,26
Aiden O'Neill,Standard Liège,BEL-Pro League,69.0874757739218,78.60485111841206,62.94726247274778,32.29648164182437,25
Hakim Sahabo,Standard Liège,BEL-Pro League,41.13865523364756,47.80182060434358,38.57737110428121,22.545783642659185,18
Hayao Kawabe,Standard Liège,BEL-Pro League,63.235830072259425,62.886896662700984,61.63545198418806,72.38012756646263,28
Isaac Hayden,Standard Liège,BEL-Pro League,43.06452608808015,45.588912881929716,34.87803490588857,19.396158705083042,29
Isaac Price,Standard Liège,BEL-Pro League,67.69631051555777,82.55307620655628,64.64905297900975,59.92395009578993,20
Steven Alzate,Standard Liège,BEL-Pro League,70.35099467127384,78.83479704762016,66.62888879467195,55.285141960781345,25
William Balikwisha,Standard Liège,BEL-Pro League,57.886495150446684,51.25093736299602,79.14797614192017,69.28583505631755,25
Cameron Puertas,Union SG,BEL-Pro League,73.25705785856306,90.13080231672846,87.52292999447663,85.37712140759122,25
Charles Vanhoutte,Union SG,BEL-Pro League,87.95633522328438,92.99635816839549,53.32721167260503,38.953201248445765,25
Jean Thierry Lazare,Union SG,BEL-Pro League,55.07424556546178,74.41928214667163,70.65870719103917,76.9713563866651,26
Mathias Rasmussen,Union SG,BEL-Pro League,67.66545715417807,77.87860622125604,59.42378536015397,67.57211796951054,26
Noah Sadiki,Union SG,BEL-Pro League,65.80800586981503,72.68061587020213,57.03852406214419,58.646088196341175,19
Dogucan Haspolat,Westerlo,BEL-Pro League,54.39783462529939,43.2014095036396,20.231407659942775,35.91060132438924,24
Mathias Fixelles,Westerlo,BEL-Pro League,47.531498479997225,42.39350186331352,52.899868249741935,43.92893902028902,27
Mario Pašalić,Atalanta,ITA-Serie A,72.00324733482411,64.99491480956942,69.82740108030767,70.66584365479288,29
Marten de Roon,Atalanta,ITA-Serie A,91.4611075608924,87.89084845936756,65.51711145727546,22.7064787137275,33
Éderson,Atalanta,ITA-Serie A,88.58172145139407,91.60632254086019,71.15511352168052,47.448499400328984,24
Giovanni Fabbian,Bologna,ITA-Serie A,9.956804378416024,38.36700595257516,34.4034035467857,78.9736045153647,21
Alessandro Deiola,Cagliari,ITA-Serie A,61.85160931614415,53.22474137645797,35.31875807655233,40.57096049441283,28
Antoine Makoumbou,Cagliari,ITA-Serie A,80.24782821979964,66.73518897793407,75.99564819848112,33.01762530410777,25
Ibrahim Sulemana,Cagliari,ITA-Serie A,39.15408887679271,56.02801338563383,51.48636409970758,38.50495284508905,20
Jakub Jankto,Cagliari,ITA-Serie A,35.103091274522654,30.33017627665253,31.101341844782006,72.04120025352329,28
Matteo Prati,Cagliari,ITA-Serie A,65.94027533362777,67.5524760406937,42.86272811199011,51.13360283268208,20
Alberto Grassi,Empoli,ITA-Serie A,73.47828345242297,69.5539782046863,53.84674855382943,38.76394679947815,29
Filippo Ranocchia,Empoli,ITA-Serie A,31.368134300168048,36.65314081954681,31.160326969369002,51.22371102884842,23
Jacopo Fazzini,Empoli,ITA-Serie A,46.60530189599954,66.41630018641959,60.012449012641035,65.73042156358746,21
Răzvan Marin,Empoli,ITA-Serie A,62.72414584323728,54.130568274184895,61.95988932713998,56.92175128807329,27
Viktor Kovalenko,Empoli,ITA-Serie A,26.981127883240735,14.132377859784045,18.482001704534248,45.012839194500565,28
Youssef Maleh,Empoli,ITA-Serie A,74.6718015672627,87.14306469640543,52.698390848641644,52.24094166563993,25
Abdou Harroui,Frosinone,ITA-Serie A,34.22805244044525,47.06922684536901,72.22255384008679,86.10592920560612,26
Enzo Barrenechea,Frosinone,ITA-Serie A,86.95131859274518,86.08756284662532,53.8413406506638,14.285666514635832,22
Francesco Gelli,Frosinone,ITA-Serie A,51.55402876516811,56.981137961823734,69.83991786431213,60.856848347106485,27
Luca Garritano,Frosinone,ITA-Serie A,30.951361802592142,30.340147903221553,21.955560770825304,49.535270638056176,30
Luca Mazzitelli,Frosinone,ITA-Serie A,85.2270946180916,70.53140902884381,56.77215112209155,35.95587474787919,28
Marco Brescianini,Frosinone,ITA-Serie A,52.82979918432612,59.144487928399116,67.0372923053011,65.00763373457254,24
Junior Messias,Genoa,ITA-Serie A,33.630667104388365,46.32295359263709,70.17478923043595,81.53444530678236,33
Kevin Strootman,Genoa,ITA-Serie A,61.431473403504725,55.71041776944583,47.292450704736815,52.87156181246222,34
Milan Badelj,Genoa,ITA-Serie A,86.0207008788674,82.07770785077518,65.73833507330423,34.81350968500087,35
Morten Frendrup,Genoa,ITA-Serie A,70.25451563480189,95.49027084285478,67.41072575614501,39.81415920026691,23
Morten Thorsby,Genoa,ITA-Serie A,27.281375389547364,44.748313570850655,19.49064362289726,54.75311700479154,28
Ruslan Malinovskyi,Genoa,ITA-Serie A,64.92285439554315,50.574138544937995,63.891882474539784,45.690693855196265,31
Martin Hongla,Hellas Verona,ITA-Serie A,63.69363984674574,45.94663897731632,52.62367095015422,18.24052165680247,26
Michael Folorunsho,Hellas Verona,ITA-Serie A,50.35671901298028,78.85428374623254,74.97111383032171,58.705165633188486,26
Davide Frattesi,Inter,ITA-Serie A,31.754010262261755,29.90593923509806,49.97454522300691,88.20544312047618,24
Hakan Çalhanoğlu,Inter,ITA-Serie A,88.73051762976213,79.75877262441732,76.23266332015807,66.3028689241375,30
Henrikh Mkhitaryan,Inter,ITA-Serie A,79.67387914228775,80.88470750668691,84.85971006815615,66.07133187000098,35
Kristjan Asllani,Inter,ITA-Serie A,50.3994248707437,30.982364146837803,39.175094678783886,27.188867317616268,22
Nicolò Barella,Inter,ITA-Serie A,90.0761081236266,73.88762065709274,82.02609413649661,62.53442679220864,27
Adrien Rabiot,Juventus,ITA-Serie A,69.52321597102281,77.7895328428351,81.77931022577376,67.3403883179643,29
Fabio Miretti,Juventus,ITA-Serie A,38.05579194565452,46.25723264611199,56.66701435508818,68.96211627307206,20
Manuel Locatelli,Juventus,ITA-Serie A,98.66473967162935,81.88998902700406,68.07223814528913,39.99471181264242,26
Weston McKennie,Juventus,ITA-Serie A,65.69258334096574,73.3468253092308,77.43214357203581,63.18641868566982,25
Daichi Kamada,Lazio,ITA-Serie A,59.12863414129848,75.04233404903121,66.73819120558355,61.55432745457261,27
Danilo Cataldi,Lazio,ITA-Serie A,64.06930939367466,56.474790314991274,47.90841216995908,24.50184932120778,29
Luis Alberto,Lazio,ITA-Serie A,82.87005067521619,66.49172658631012,85.21407467333327,68.22596412732703,31
Mattéo Guendouzi,Lazio,ITA-Serie A,68.61452872730008,66.92444033414748,67.18302248521823,54.4047496876881,25
Matías Vecino,Lazio,ITA-Serie A,60.59089956625304,60.55053261899798,54.36663217954513,61.533902187868236,32
Nicolò Rovella,Lazio,ITA-Serie A,53.73010188809666,75.10301721935727,56.13656098768086,23.310753449175568,22
Alexis Blin,Lecce,ITA-Serie A,66.40100489247804,62.485851580729665,44.12853158580443,36.80043446324681,27
Hamza Rafia,Lecce,ITA-Serie A,46.13823044780179,69.82204210023916,43.0719430747043,49.915183392873864,25
Joan Gonzàlez,Lecce,ITA-Serie A,49.300201045443224,52.51295308348168,61.12242437021439,69.48887398651293,22
Mohamed Kaba,Lecce,ITA-Serie A,52.73293631310207,65.47875987754134,45.46028766529388,57.62785750477347,22
Remi Oudin,Lecce,ITA-Serie A,64.97243345752331,58.65049807251942,46.153538945591265,71.22658960209529,27
Ylber Ramadani,Lecce,ITA-Serie A,78.19420596351665,89.54110958727827,71.20022937279487,35.689375318277925,28
Rade Krunić,Milan,ITA-Serie A,33.86961667133096,41.6626507874872,25.1820544952641,21.582644467934514,30
Yacine Adli,Milan,ITA-Serie A,77.83339136373294,69.35260808345028,70.62884257650352,41.524396247220714,23
Jean-Daniel Akpa-Akpro,Monza,ITA-Serie A,15.472743339003832,48.817550305131064,36.12636302375349,39.864206838290166,31
Matteo Pessina,Monza,ITA-Serie A,83.19366094218053,74.63902497293772,81.20206118746357,52.95136043117662,27
Roberto Gagliardini,Monza,ITA-Serie A,75.32263862861822,79.295693910261,69.32337459337816,48.218369813947575,30
Warren Bondo,Monza,ITA-Serie A,40.81614601374722,54.757726171194285,61.51982776892495,46.96871110445702,20
Andre-Frank Zambo Anguissa,Napoli,ITA-Serie A,71.45096331656886,88.66589494439398,67.8032699547295,55.88979859083245,28
Jens Cajuste,Napoli,ITA-Serie A,31.78405761942742,64.67579651314685,51.25648123245363,64.94962129927032,24
Piotr Zieliński,Napoli,ITA-Serie A,71.08732758907323,59.9605339282992,69.85570646179217,65.64786273602124,30
Stanislav Lobotka,Napoli,ITA-Serie A,85.28216749268894,87.93010927781178,69.64873070965417,30.128136137133026,29
Bryan Cristante,Roma,ITA-Serie A,92.6526893392309,83.67950534636074,78.57877071942168,51.394485076974426,29
Edoardo Bove,Roma,ITA-Serie A,55.85661480903703,71.24873132907746,45.96481795712985,54.43570688783821,22
Houssem Aouar,Roma,ITA-Serie A,21.945687010474145,32.34374192077914,42.09707064514716,72.91684003992474,25
Leandro Paredes,Roma,ITA-Serie A,96.41779320692505,80.96302240432823,77.0776870002487,46.74036307853607,29
Lorenzo Pellegrini,Roma,ITA-Serie A,58.37456252260167,72.4232979672992,66.6595052105888,74.29862270341533,27
Agustín Martegani,Salernitana,ITA-Serie A,35.74096190251688,25.289485565386567,58.42643145494255,59.277470484525566,24
Emil Bohinen,Salernitana,ITA-Serie A,37.83108153009723,36.777810788779185,43.565577830939276,23.6323708932865,25
Giulio Maggiore,Salernitana,ITA-Serie A,64.9307315232263,71.51416720511324,46.77510714763153,37.18193446456349,26
Lassana Coulibaly,Salernitana,ITA-Serie A,64.3907028474252,69.01556206725998,67.55188643043539,43.61485527941733,28
Mateusz Łęgowski,Salernitana,ITA-Serie A,43.24331041612083,47.0065460077625,52.642363673133715,39.714913172468144,21
Toma Bašić,Salernitana,ITA-Serie A,56.44769877776484,51.518689712831666,53.38136748803796,48.177424199504586,27
Gvidas Gineitis,Torino,ITA-Serie A,38.52618076717159,36.78910124316526,45.197581691340304,53.321773797292174,20
Ivan Ilić,Torino,ITA-Serie A,76.29952361677644,58.98177418258047,75.13661908543257,58.49926612534072,23
Karol Linetty,Torino,ITA-Serie A,67.32152632664156,70.64363725446475,63.80631179979092,39.63844587758727,29
Samuele Ricci,Torino,ITA-Serie A,75.89445008390376,71.8853566279529,77.44825183450186,51.73402193496054,22
Lazar Samardzic,Udinese,ITA-Serie A,67.14382759055275,58.258181910169235,86.54125295976466,77.61477169060365,22
Martín Payero,Udinese,ITA-Serie A,58.45083999193922,67.12210273576868,77.21119975010583,63.98999725500393,25
Sandi Lovrić,Udinese,ITA-Serie A,65.16484643932941,58.97917065555882,77.0990579748289,80.03796916100752,26
Walace,Udinese,ITA-Serie A,82.82978449049405,84.0766266789589,72.54790114886471,31.613540359604343,29
Arne Engels,Augsburg,GER-Bundesliga,58.45211152922711,65.62685260576785,58.64012120767512,65.73584839438679,20
Arne Maier,Augsburg,GER-Bundesliga,60.008468411796144,47.54877938414147,57.965400623828614,71.43765428439771,25
Fredrik Jensen,Augsburg,GER-Bundesliga,50.108469341482916,60.525887883524085,53.5278225095267,75.89864304039463,26
Anthony Losilla,Bochum,GER-Bundesliga,74.38849509814732,84.77703284199194,47.510123620380426,45.559052299998285,38
Kevin Stöger,Bochum,GER-Bundesliga,96.618537049592,82.37071466699186,87.93396441297703,77.1874135368194,30
Lukas Daschner,Bochum,GER-Bundesliga,15.681115864182008,19.649698040219732,46.03508643989166,92.42063429368716,25
Matúš Bero,Bochum,GER-Bundesliga,49.483734694505245,68.47056262472388,41.188806272819804,64.62104265050364,28
Patrick Osterhage,Bochum,GER-Bundesliga,60.922016679585724,79.41247340858872,69.0259507868284,43.815151537792836,24
Bartol Franjić,Darmstadt 98,GER-Bundesliga,56.774263008625006,55.29121881253801,54.390406833942784,26.769562731275933,24
Fabian Holland,Darmstadt 98,GER-Bundesliga,72.31064788214326,68.43826694317077,55.94028915077648,37.658929579378146,33
Julian Justvan,Darmstadt 98,GER-Bundesliga,54.69955069674276,38.567913029661554,64.2599872423817,83.83137585589442,26
Marvin Mehlem,Darmstadt 98,GER-Bundesliga,45.48391195807655,70.25597422248343,55.773801649430496,75.83902020172438,26
Mathias Honsak,Darmstadt 98,GER-Bundesliga,19.097178098909794,43.997848738021695,47.3368185544269,68.75062578734821,27
Tobias Kempe,Darmstadt 98,GER-Bundesliga,47.00328045794437,52.15647687209651,48.70410065067219,76.41759081276426,34
Felix Nmecha,Dortmund,GER-Bundesliga,41.66577451395632,59.462066552356404,50.0690542705084,69.74602116035523,23
Julian Brandt,Dortmund,GER-Bundesliga,61.64429779514277,59.027371311339394,74.82462223482608,80.99162556787917,28
Salih Özcan,Dortmund,GER-Bundesliga,54.267069106143886,67.20089486641221,51.178618374191906,30.791525400420085,26
Ellyes Skhiri,Eint Frankfurt,GER-Bundesliga,70.90839024860817,80.53540912143605,47.74201858596513,43.92342224601315,29
Hugo Larsson,Eint Frankfurt,GER-Bundesliga,60.60977663791274,74.3295115733392,59.09140980701489,41.761414424899286,19
Mario Götze,Eint Frankfurt,GER-Bundesliga,67.45340458442605,71.85252500776956,60.899456397763075,58.33447272253277,31
Maximilian Eggestein,Freiburg,GER-Bundesliga,84.44893356024181,79.85675154102665,77.28639609167534,56.27563251952085,27
Nicolas Höfler,Freiburg,GER-Bundesliga,73.83983391815183,78.6786609882279,56.98303529901736,21.203274886392958,34
Denis Thomalla,Heidenheim,GER-Bundesliga,37.59623121942731,20.041832201718737,22.24963681144908,48.401814928090516,31
Kevin Sessa,Heidenheim,GER-Bundesliga,53.696641387511754,39.740589883093705,66.60716454787058,80.42052645729765,23
Andrej Kramarić,Hoffenheim,GER-Bundesliga,65.72187776549701,36.304466747623934,80.97347679145625,92.6491933772319,32
Anton Stach,Hoffenheim,GER-Bundesliga,80.15716246726802,89.38136079454407,82.33528506227897,50.81177556275962,25
Finn Ole Becker,Hoffenheim,GER-Bundesliga,38.27049126120726,27.04426147200619,48.56076794469612,51.62995075234376,23
Grischa Prömel,Hoffenheim,GER-Bundesliga,64.41835318170799,66.94179086518628,64.01674741169184,62.826866594744644,29
Umut Tohumcu,Hoffenheim,GER-Bundesliga,48.99970156001323,45.91677800440224,51.7100450292168,64.06501244951073,19
Exequiel Palacios,Leverkusen,GER-Bundesliga,81.47528593044714,79.91283280522686,66.76608651570164,41.13009053185732,25
Granit Xhaka,Leverkusen,GER-Bundesliga,99.09684115840795,75.77551843120077,78.97754166963026,42.02328241656246,31
Robert Andrich,Leverkusen,GER-Bundesliga,71.93797524411964,69.20228148681002,59.83414669709815,46.94318234452543,29
Leandro Barreiro Martins,Mainz 05,GER-Bundesliga,69.67661398702171,86.86513241249293,59.73565402639196,62.09714225491637,24
Nadiem Amiri,Mainz 05,GER-Bundesliga,68.96050317227946,58.55068809317303,65.61865639352584,74.91230653632296,27
Tom Krauß,Mainz 05,GER-Bundesliga,61.351596847372846,78.23449022464256,44.07509987911556,40.25851268483506,22
Alex Král,Union Berlin,GER-Bundesliga,49.07428420799729,50.69930558437687,52.61355864265496,57.30145986756757,26
András Schäfer,Union Berlin,GER-Bundesliga,52.673135018983686,63.03460030522216,68.76999465470904,64.30470533807474,25
Aïssa Laïdouni,Union Berlin,GER-Bundesliga,53.9182623370451,56.50896159547596,61.37139996452943,58.43564332777787,27
Brenden Aaronson,Union Berlin,GER-Bundesliga,46.593876973528154,48.91391777060055,73.79007894422857,76.8507193411414,23
Janik Haberer,Union Berlin,GER-Bundesliga,53.49137798540697,62.50607111838487,45.9961898199986,47.20445914981446,30
Lucas Tousart,Union Berlin,GER-Bundesliga,53.311815511122575,69.27592426776084,50.530851358944176,49.496668635125815,27
Rani Khedira,Union Berlin,GER-Bundesliga,46.55935719423757,58.839497516268544,29.05564362831648,26.21505907104274,30
Christian Groß,Werder Bremen,GER-Bundesliga,59.538407243424054,55.38621546187444,53.6665005236116,21.954591435724513,35
Jens Stage,Werder Bremen,GER-Bundesliga,71.05880964984844,72.06220991647922,60.88172696050355,61.36623065596909,27
Leonardo Bittencourt,Werder Bremen,GER-Bundesliga,61.96769702865376,62.088899187584445,79.5722786439052,69.03852758057371,30
Romano Schmid,Werder Bremen,GER-Bundesliga,71.25171329284271,66.72780404704217,83.58681432297405,82.23168294493217,24
Senne Lynen,Werder Bremen,GER-Bundesliga,66.53142015091088,85.52718274929681,48.27940923764167,30.257533190237968,25
Mattias Svanberg,Wolfsburg,GER-Bundesliga,63.540173187535885,68.95952525740819,65.37865831109181,67.14466633417848,25
Maximilian Arnold,Wolfsburg,GER-Bundesliga,85.7586818407399,75.7653755269006,62.83808878404944,44.16996223353697,29
Hugo Magnetti,Brest,FRA-Ligue 1,66.73975100636441,75.01755557848566,71.15589903759036,59.412084421797026,25
Habib Keita,Clermont Foot,FRA-Ligue 1,53.508688098227594,70.55513358110926,50.764764973602205,39.759533024983156,21
Johan Gastien,Clermont Foot,FRA-Ligue 1,89.90265645076929,76.52550077050877,66.42342158848376,35.28469560057589,35
Maxime Gonalons,Clermont Foot,FRA-Ligue 1,67.6766440242749,72.00471144981742,45.43056052979012,26.536543175064576,34
Yohann Magnin,Clermont Foot,FRA-Ligue 1,60.31446054273641,76.7137428973738,41.53354966835051,41.896096379738914,26
Abdoulaye Touré,Le Havre,FRA-Ligue 1,82.37715235193411,74.65482018531212,70.87333251947605,50.770422233469134,29
Daler Kuzyaev,Le Havre,FRA-Ligue 1,72.90658925895637,64.26785020892325,63.28911341995828,51.757600017376326,30
Emmanuel Sabbi,Le Havre,FRA-Ligue 1,37.25278105879176,68.14410345509877,64.4744384897733,81.31453538473068,25
Loïc Nego,Le Havre,FRA-Ligue 1,62.981795428615825,62.05352884672083,71.91915264477471,62.95870091041172,32
Oussama Targhalline,Le Havre,FRA-Ligue 1,71.47712111280624,50.427508809075306,75.13600416468138,34.11192153673489,21
Rassoul Ndiaye,Le Havre,FRA-Ligue 1,35.53201775608692,33.92675638803565,43.669938728887224,42.239353467008115,21
Yassine Kechta,Le Havre,FRA-Ligue 1,76.10881356917564,69.82343061254063,75.05271517847838,53.182650496691686,21
Andy Diouf,Lens,FRA-Ligue 1,54.845569678948415,51.46856131910392,79.70916776879126,64.76810339975194,20
Nampalys Mendy,Lens,FRA-Ligue 1,68.85902843662771,60.10333311812055,59.35301136387186,51.547886840511524,31
Neil El Aynaoui,Lens,FRA-Ligue 1,53.52364092509685,73.53778395109627,59.580646106785,52.46027908078356,22
Salis Abdul Samed,Lens,FRA-Ligue 1,62.27021062062651,57.38581804021179,49.37065515903376,41.26448422653974,23
Imran Louza,Lorient,FRA-Ligue 1,66.16274751418514,37.63598468301197,56.96430985172795,67.97948897667271,24
Jean-Victor Makengo,Lorient,FRA-Ligue 1,31.67526600480779,31.222858550695626,44.43371264445425,23.804909612209702,25
Laurent Abergel,Lorient,FRA-Ligue 1,91.05349469420278,88.19552261084189,82.95401014040623,38.816436097140496,30
Tiemoué Bakayoko,Lorient,FRA-Ligue 1,55.36168804162036,57.04619612026093,47.297157695091066,45.871529526974186,28
Corentin Tolisso,Lyon,FRA-Ligue 1,80.397390283697,65.3365156760021,58.97347112234367,59.215751143405335,28
Maxence Caqueret,Lyon,FRA-Ligue 1,94.94830677264748,94.95614270427531,86.11764341461547,59.11184439109841,23
Nemanja Matić,Lyon,FRA-Ligue 1,79.05468633033578,55.683785463502744,72.162128076384,38.09445059246747,34
Amine Harit,Marseille,FRA-Ligue 1,65.71959860726516,69.20400650084319,83.20521224115147,77.55002880096939,26
Azzedine Ounahi,Marseille,FRA-Ligue 1,65.58477909521734,49.99531922967945,64.81432577132371,57.014139686302045,23
Geoffrey Kondogbia,Marseille,FRA-Ligue 1,70.69620073545485,79.98137517981579,45.01472301972188,25.08474183722343,30
Jean Onana,Marseille,FRA-Ligue 1,45.33894140031314,55.91639723698337,45.31083898827981,41.00936704471529,23
Jordan Veretout,Marseille,FRA-Ligue 1,85.22602801170048,69.42887638005192,72.0431967513871,67.7790880881018,30
Pape Gueye,Marseille,FRA-Ligue 1,59.000432609619494,67.14262715271066,35.79528799127706,34.331708733255816,24
Valentin Rongier,Marseille,FRA-Ligue 1,63.22657238763226,60.78910586947895,54.11179707352154,48.39148563835563,28
Arthur Atta,Metz,FRA-Ligue 1,54.48578654913444,45.92162738711041,59.13686137579484,48.49481037532535,20
Danley Jean-Jacques,Metz,FRA-Ligue 1,72.65914801566812,80.00242679580623,71.07770234594423,61.431754370886,23
Joseph Nduquidi,Metz,FRA-Ligue 1,36.33560286138363,32.22095173544627,31.639102959016547,32.51435204499298,18
Kévin N'Doram,Metz,FRA-Ligue 1,70.33909412379533,59.01625470757171,52.12022484623532,25.527865437498125,27
Lamine Camara,Metz,FRA-Ligue 1,75.64126591656219,77.67932740624916,71.46325318745407,60.390373779187215,19
Denis Zakaria,Monaco,FRA-Ligue 1,75.34187575918637,85.12505891364896,75.19194310154772,42.540628181682564,26
Mohamed Camara,Monaco,FRA-Ligue 1,62.98462017268627,58.76059999234025,54.044453576141706,53.890719388751705,23
Youssouf Fofana,Monaco,FRA-Ligue 1,92.059470205585,88.9278374254294,84.28081400929571,66.89030527995443,24
Douglas,Nantes,FRA-Ligue 1,79.43882949122938,76.2745208097345,51.54008663758749,39.45093972614497,26
Moussa Sissoko,Nantes,FRA-Ligue 1,63.38366333677846,50.06830950310223,68.13733740832878,50.89421774874581,33
Pedro Chirivella,Nantes,FRA-Ligue 1,93.9838562561765,73.80119491787121,54.10930462643476,40.36108287931554,26
Samuel Moutoussamy,Nantes,FRA-Ligue 1,57.06399886590042,59.687479176784706,55.515381760004324,64.61023393115725,26
Alexis Claude-Maurice,Nice,FRA-Ligue 1,17.95900575981252,28.50599118334234,50.84067625286769,66.10492348724127,25
Hicham Boudaoui,Nice,FRA-Ligue 1,58.3210321494193,63.839737183035375,65.15081768916485,67.20150045658221,23
Khéphren Thuram,Nice,FRA-Ligue 1,66.95813724556662,70.66021947344699,83.79647727444619,72.43815376663136,22
Morgan Sanson,Nice,FRA-Ligue 1,51.390687215938414,73.04084893782371,67.5552388982475,76.80643123307962,28
Youssouf Ndayishimiye,Nice,FRA-Ligue 1,73.46766698843255,60.67799924121638,63.195044972852074,27.65076233006671,24
Carlos Soler,Paris S-G,FRA-Ligue 1,56.24082497328388,47.61649819205076,46.38175093748006,55.22563391213576,26
Fabián Ruiz Peña,Paris S-G,FRA-Ligue 1,60.589658833849214,64.11197686595739,58.793466636092276,54.17435689182457,27
Lee Kang-in,Paris S-G,FRA-Ligue 1,58.146310065221485,48.51069330137279,73.38790471445216,69.01449476897744,22
Manuel Ugarte Ribeiro,Paris S-G,FRA-Ligue 1,60.02867977380494,95.41447852747022,55.277969218380804,27.329720750046437,22
Vitinha,Paris S-G,FRA-Ligue 1,77.23903491424844,80.82870608265787,74.1409562958208,54.176010170445146,23
Warren Zaire-Emery,Paris S-G,FRA-Ligue 1,61.616411587702956,82.51351857564485,69.35866344207227,53.00612397210087,17
Amadou Koné,Reims,FRA-Ligue 1,38.5631646253472,42.0099205637553,13.470675086050809,30.107626822182233,18
Amir Richardson,Reims,FRA-Ligue 1,57.63912851357684,71.13487258098408,59.31758687389379,56.73947818592661,21
Azor Matusiwa,Reims,FRA-Ligue 1,67.62575302229664,77.23593777480102,52.65006753234252,37.38986459672115,25
Marshall Munetsi,Reims,FRA-Ligue 1,54.13739658521559,74.72122942277426,45.25299064624702,69.65217387792566,27
Teddy Teuma,Reims,FRA-Ligue 1,80.86201620888772,81.70633289745017,72.97122016968316,56.95049284172635,29
Valentin Atangana Edoa,Reims,FRA-Ligue 1,27.677459108399955,42.24410073554725,31.823159068366547,54.62039503450078,17
Azor Matusiwa,Rennes,FRA-Ligue 1,61.627645600459424,35.3900305623574,21.937535033320508,40.41311809740469,25
Baptiste Santamaria,Rennes,FRA-Ligue 1,79.1325879088372,75.8398992474152,57.54223730649208,46.361765968528864,28
Benjamin Bourigeaud,Rennes,FRA-Ligue 1,85.66858891575154,74.0418825695098,65.37120254664353,71.03177699752563,29
Désiré Doué,Rennes,FRA-Ligue 1,63.12128956955109,70.43675275583807,82.53356908110277,81.7172139337012,18
Enzo Le Fée,Rennes,FRA-Ligue 1,73.14075016646314,75.06245351329586,74.28341150007563,53.1470267205225,23
Nemanja Matić,Rennes,FRA-Ligue 1,69.12392063720742,58.62859305297271,63.52626716978599,42.08746363611018,34
Andrey Santos,Strasbourg,FRA-Ligue 1,53.58555844504823,47.35414627360096,43.5717996627745,54.768381460187285,19
Habib Diarra,Strasbourg,FRA-Ligue 1,67.60096020546902,67.00660019241163,80.60481685872112,69.9056030359804,19
Ibrahima Sissoko,Strasbourg,FRA-Ligue 1,67.12164314111327,70.3956287347076,53.367128598721195,55.96613199542254,25
Ismaël Doukouré,Strasbourg,FRA-Ligue 1,69.93396914170165,60.175461141313804,65.09374060977116,28.05926185687366,20
Jessy Deminguet,Strasbourg,FRA-Ligue 1,35.309055869299,36.89119812341275,29.364489879650346,47.80760290747901,25
Junior Mwanga,Strasbourg,FRA-Ligue 1,52.5625422358945,65.99550857589122,65.68228079324328,58.465850158740565,20
Cristian Cásseres Jr.,Toulouse,FRA-Ligue 1,70.6281973126061,83.50823584348645,59.65526623574754,45.78885167413106,23
Denis Genreau,Toulouse,FRA-Ligue 1,18.491151660647002,39.98502392359096,28.83680611089786,52.86304948866808,24
Niklas Schmidt,Toulouse,FRA-Ligue 1,74.65599264646903,51.01455339714727,64.91663774294345,59.48019572912633,25
Stijn Spierings,Toulouse,FRA-Ligue 1,87.11068720032365,78.59009527698119,60.175914590888304,36.40569726758635,27
Vincent Sierro,Toulouse,FRA-Ligue 1,79.67468470305138,77.0512701886817,63.263886754858675,60.4167964646793,27
Branco van den Boomen,Ajax,NED-Eredivisie,80.97283581818033,60.440436293893264,65.49183489276149,53.162937834666856,28
Jordan Henderson,Ajax,NED-Eredivisie,65.67031849814458,39.40656386976475,49.11672574350873,50.58294859687128,33
Sivert Mannsverk,Ajax,NED-Eredivisie,57.99381140104358,40.52122567973057,57.96545751435775,42.25028944373053,22
Lance Duijvestijn,Almere City,NED-Eredivisie,32.20162463304849,18.132634830126264,41.31498759155291,66.15906881784396,25
Peer Koopmeiners,Almere City,NED-Eredivisie,87.6536078718841,98.35144112934249,66.43279278920298,50.54556746521426,24
Stije Resink,Almere City,NED-Eredivisie,82.66472617478381,88.45063717800517,70.9006131098244,56.50305294695546,20
Álvaro Peña,Almere City,NED-Eredivisie,55.197007521908304,52.42508167555747,49.88070931156297,53.62507738255765,32
Cisse Sandra,Excelsior,NED-Eredivisie,50.74385430911342,59.1846818853773,52.2834891634597,58.674637073568704,20
Julian Baas,Excelsior,NED-Eredivisie,74.998186176342,87.95417278281629,59.653477540019004,47.816839340548896,22
Noah Naujoks,Excelsior,NED-Eredivisie,26.15416112560765,55.53931824400119,21.374419555232844,58.06406177260226,22
Ramiz Zerrouki,Feyenoord,NED-Eredivisie,80.82051285611632,82.57462637366831,58.62103669530478,44.99171676379496,25
Anas Ouahim,Heracles Almelo,NED-Eredivisie,39.51896943451473,56.836334763519325,54.023038356352835,62.593471836900726,26
Jordy Bruijn,Heracles Almelo,NED-Eredivisie,14.110604190945097,25.94838555551437,7.108565575985376,61.1127214292708,27
Sem Scheperman,Heracles Almelo,NED-Eredivisie,22.436655295264472,47.36340611142789,4.28292882231001,56.36405469123091,21
Ismael Saibari,PSV Eindhoven,NED-Eredivisie,45.0673532741451,70.84339994753952,64.18961112527946,93.91397361754295,23
Paxten Aaronson,Vitesse,NED-Eredivisie,41.88841431203853,68.80407476509987,57.44691422891688,91.11237903457953,20
Milan de Haan,Volendam,NED-Eredivisie,51.69316041678399,70.0989348520692,53.3549819773283,59.27745983700827,20
Robin Maulun,Volendam,NED-Eredivisie,42.11325366934632,6.522468498302608,18.47649595298185,55.782374045734315,27
Jake Garrett,Blackburn,ENG-Championship,30.473434003567874,34.22719284736077,28.51782286035452,53.7604367449267,21
Joe Rankin-Costello,Blackburn,ENG-Championship,54.28479542558243,58.92622790209079,55.986030906930786,63.008774104741796,24
John Buckley,Blackburn,ENG-Championship,36.54978978565106,36.78517118163736,28.28825688809565,34.483310214346545,24
Joe Williams,Bristol City,ENG-Championship,75.01836034839432,76.03252860898968,50.98781704327219,38.609458134566225,27
Matty James,Bristol City,ENG-Championship,66.46361505667682,69.40007058423812,50.61838744112528,36.04146823413682,32
Taylor Gardner-Hickman,Bristol City,ENG-Championship,61.24819942693228,67.7182299382517,69.38390292726302,53.775855596319474,22
Ben Sheaf,Coventry City,ENG-Championship,84.48381662606079,87.12228050922658,79.58787166329809,53.679879796582576,26
Josh Eccles,Coventry City,ENG-Championship,81.09927275951127,89.4420519326807,69.30159069849564,52.64741170903178,24
Liam Kelly,Coventry City,ENG-Championship,45.536364774884746,45.12655054653818,20.358974164976072,28.295326905312727,34
Tatsuhiro Sakamoto,Coventry City,ENG-Championship,43.76869416081419,61.38612710554224,76.7632947787772,78.26238824039093,27
Alex Matos,Huddersfield,ENG-Championship,32.75293299641068,64.14599195371727,36.04912888311274,48.34249238201506,19
Ben Wiles,Huddersfield,ENG-Championship,50.080111426132625,49.38198744547666,55.07783229205461,58.489884409750445,25
David Kasumu,Huddersfield,ENG-Championship,56.586849505683034,67.46009167288568,65.22093869320051,56.600748657814904,24
Jack Rudoni,Huddersfield,ENG-Championship,70.65348680496678,76.45031796859377,84.07182622114297,74.55434494703586,23
Jonathan Hogg,Huddersfield,ENG-Championship,81.36194409131781,79.8028227974516,36.20821495349495,22.44046558041028,35
Rarmani Edmonds-Green,Huddersfield,ENG-Championship,31.51380651371063,18.93310982544133,5.577295027927439,0.0,25
Abdülkadir Ömür,Hull City,ENG-Championship,25.265537864491073,46.55800502225745,46.11377065397506,62.10185246976442,24
Cesare Casadei,Leicester City,ENG-Championship,30.603514290002988,45.06844025249869,35.80760413003929,69.3340090735077,21
Harry Winks,Leicester City,ENG-Championship,87.43265972333955,84.76290878986455,80.68084460717064,33.18785399194083,28
Kiernan Dewsbury-Hall,Leicester City,ENG-Championship,70.3491776892827,76.68463234775118,83.54035970110485,84.07677840002715,25
Wilfred Ndidi,Leicester City,ENG-Championship,48.067831076728126,70.19783540569539,46.181228341250296,73.64906267028998,27
Aidomo Emakhu,Millwall,ENG-Championship,7.5671829838269185,19.453904546571906,57.994407680102114,82.00116864651176,20
Allan Campbell,Millwall,ENG-Championship,24.28364242091915,42.49796116550115,4.221107237403446,43.89501481499674,25
Billy Mitchell,Millwall,ENG-Championship,69.05424872439156,63.90869758017684,63.893689981077294,25.798091548952744,24
Casper de Norre,Millwall,ENG-Championship,77.76824805397597,64.41564992937694,57.31205505378405,42.71151203329923,27
George Honeyman,Millwall,ENG-Championship,59.99326551570668,67.11710419479108,53.744839012385036,55.07224532790922,29
George Saville,Millwall,ENG-Championship,69.7584749073396,84.08400703846502,64.28924106085829,58.6928639682114,30
Romain Esse,Millwall,ENG-Championship,29.703231685943642,39.26828489858679,31.887448811285807,66.59704833262302,19
Ryan Longman,Millwall,ENG-Championship,32.60738658378257,55.27403773201901,71.68678651476598,69.91485159316423,23
Adam Forshaw,Plymouth Argyle,ENG-Championship,37.47405051387205,39.26341582806553,20.092951213781028,33.8390835767853,32
Adam Randell,Plymouth Argyle,ENG-Championship,65.35739781920095,71.68179187495217,58.49377749436563,57.4485439262025,23
Darko Gyabi,Plymouth Argyle,ENG-Championship,27.009887351789384,42.00487934627004,47.01424632820142,64.51410521824471,20
Finn Azaz,Plymouth Argyle,ENG-Championship,66.42765292981075,47.66646739671066,75.2155054533427,87.39361786832475,23
Jordan Houghton,Plymouth Argyle,ENG-Championship,76.94571540064314,69.71085348567115,39.94096814723113,38.11183808923317,28
Luke Cundle,Plymouth Argyle,ENG-Championship,46.4259243168617,47.205153982194325,48.92785121970279,72.44183984517643,22
Alan Browne,Preston,ENG-Championship,72.74206540488703,85.46770057950695,72.42646106720446,56.69853384639196,29
Alistair McCann,Preston,ENG-Championship,62.25793429887463,86.06897700612552,40.26681613706097,28.003306565439267,24
Ben Whiteman,Preston,ENG-Championship,78.35180530333609,62.02733206399308,44.63386585304169,43.0224154828242,27
Ryan Ledson,Preston,ENG-Championship,55.29961551651874,66.787809993159,6.411011634493731,26.4248000193913,26
Andre Dozzell,QPR,ENG-Championship,57.25186274393964,50.88731822560142,41.05387636690022,43.465824450882664,25
Elijah Dixon-Bonner,QPR,ENG-Championship,52.234921613991325,28.267896740779275,41.26814412500058,38.13688812130041,23
Andy Rinomhota,Rotherham Utd,ENG-Championship,47.37130255382584,46.33441836383375,54.238027719110285,50.171555768861595,27
Cafú,Rotherham Utd,ENG-Championship,49.311603890238814,38.93605817159684,56.21674204897707,66.67125291248286,31
Christ Tiéhi,Rotherham Utd,ENG-Championship,76.58935710041628,78.78123983051638,75.97346916659174,27.979977989011225,25
Jamie Lindsay,Rotherham Utd,ENG-Championship,32.28684909895399,38.443388706449646,27.893908418007,41.556356614396556,28
Oliver Rathbone,Rotherham Utd,ENG-Championship,64.43047333926857,81.76567373954174,78.20534075808274,52.330196303933874,27
Sam Clucas,Rotherham Utd,ENG-Championship,52.37341668310695,62.2698568445758,54.949109904803976,55.64795136716691,33
Barry Bannan,Sheffield Weds,ENG-Championship,93.86490559320343,79.6148677283417,72.46546709862712,49.00883905567619,34
George Byers,Sheffield Weds,ENG-Championship,51.55297675462168,58.62351746895601,42.486792360713274,49.61069559817013,27
Ian Carlo Poveda,Sheffield Weds,ENG-Championship,17.53737388388825,2.215990367037645,62.60890609807919,94.35005993541351,24
Jeff Hendrick,Sheffield Weds,ENG-Championship,6.995180420149085,10.088734486794275,21.265304152679455,50.388853616086216,32
Will Vaulks,Sheffield Weds,ENG-Championship,71.06939016489542,82.957030465588,33.05099131179484,40.038838624671534,30
Carlos Alcaraz,Southampton,ENG-Championship,39.85983819626777,59.66015846319891,50.08038894994793,75.46296230251357,21
Flynn Downes,Southampton,ENG-Championship,63.479103473820565,86.35666048777716,70.86550182184646,30.04472799149442,25
Joe Aribo,Southampton,ENG-Championship,54.63411925023897,70.69972286886174,65.97826013734709,59.77462200959701,27
Joe Rothwell,Southampton,ENG-Championship,21.88287590329586,26.68094568425182,23.64229149891937,63.898279723744686,29
Shea Charles,Southampton,ENG-Championship,54.77627281220092,69.6942157550056,48.39956167958941,32.43546372568677,20
Stuart Armstrong,Southampton,ENG-Championship,71.57849947608302,66.326457205446,76.14568342037231,70.45880268384782,32
William Smallbone,Southampton,ENG-Championship,77.65274678943096,82.27970381128415,61.59531824875002,59.10834391623159,24
Lewis Baker,Stoke City,ENG-Championship,40.858394235922,34.27027456650865,40.02962601599482,64.02548279529366,29
Luke Cundle,Stoke City,ENG-Championship,46.17980274790009,45.95311134120836,41.649125094247246,66.91086717485587,22
Abdoullah Ba,Sunderland,ENG-Championship,20.652904437979743,45.7382125487439,71.70060841401357,85.22922254708925,20
Adil Aouchiche,Sunderland,ENG-Championship,41.97642773759296,45.462311602500364,49.2453652165257,84.27221473938575,21
Alex Pritchard,Sunderland,ENG-Championship,47.86985173739868,30.619316288539107,52.17705825091979,78.91760213555841,31
Jack Clarke,Sunderland,ENG-Championship,64.16727534887276,77.32780492614897,100.0,94.44196750943668,23
Jobe Bellingham,Sunderland,ENG-Championship,59.33390800315649,83.96808079336881,62.86279552899151,69.59759877964696,18
Patrick Roberts,Sunderland,ENG-Championship,50.192841711800085,38.85809515397231,87.3241511505131,81.9985974696636,27
Romaine Mundle,Sunderland,ENG-Championship,3.2428984055781256,19.69315220222311,31.103564068969035,72.79394528773054,21
Edo Kayembe,Watford,ENG-Championship,69.89832015846243,62.58972196361756,62.65440745361806,59.285312653100874,25
Giorgi Chakvetadze,Watford,ENG-Championship,53.318160089324685,57.002839157837585,83.6130270024239,80.48346957907738,24
Imran Louza,Watford,ENG-Championship,44.274571669761656,38.55596525342966,29.86872681206649,66.15730160551404,25
Ismaël Koné,Watford,ENG-Championship,65.54008327183914,68.10083011137435,77.87858379378856,64.56671310420471,21
Tom Dele-Bashiru,Watford,ENG-Championship,58.53543495778995,67.48591136854888,61.88550206693277,50.16927921157917,24
Jayson Molumby,West Brom,ENG-Championship,41.18296323404208,43.20807532003809,45.52107500454773,53.619891150307495,24
Nathaniel Chalobah,West Brom,ENG-Championship,41.27042105072428,41.9792982516563,30.314224788489486,50.498342034567635,29
Ale,América (MG),BRA-League,75.18073270175138,63.99776368713287,68.30035867602687,47.04908519637815,32
Breno Cascardo,América (MG),BRA-League,60.6854594501402,57.138474399078646,66.53073981556996,53.917010528342956,19
Juninho,América (MG),BRA-League,67.44553588483444,73.30682961357786,60.57431624698991,67.48621800646421,35
Leandro Emmanuel Martínez,América (MG),BRA-League,80.82695262142265,82.577201570721,86.49740084523727,67.93497643934042,28
Martín Benítez,América (MG),BRA-League,60.739494294551676,26.228670524714925,69.28430811173577,79.9482844669752,28
Alex Santana,Ath Paranaense,BRA-League,48.32993542416254,40.063788781963076,59.855230964663306,61.03668505026312,27
Erick,Ath Paranaense,BRA-League,77.50342236379835,79.27730180923366,70.49441116528952,62.58210241565263,25
Fernandinho,Ath Paranaense,BRA-League,90.4848489609284,59.494291190031,76.97007324726756,61.79322515895217,37
Hugo Moura,Ath Paranaense,BRA-League,65.64473199526677,71.21413394627977,54.48458395048189,24.27018866439906,25
Alan Franco,Atlético Mineiro,BRA-League,40.41242995551414,55.1697410512905,20.458460152943843,39.246658525108565,24
Edenílson,Atlético Mineiro,BRA-League,51.23792388642239,60.30405841940891,52.13605627455219,50.96093391323095,33
Federico Zaracho,Atlético Mineiro,BRA-League,53.02100409250162,83.70787788409807,50.72953908307644,52.741929146588205,24
Hyoran,Atlético Mineiro,BRA-League,32.195871696692855,38.469422034976986,47.438818821987105,89.33496643646363,29
Otávio,Atlético Mineiro,BRA-League,85.99419288360158,83.69090441662654,56.51596223090708,21.432379356509205,28
Patrick,Atlético Mineiro,BRA-League,20.516409749058447,52.21057306569049,46.39874701240127,65.07835350231656,30
Nicolás Acevedo,Bahia,BRA-League,75.69424037964421,83.1919875379371,69.49089890946595,41.888616697622474,23
Thaciano,Bahia,BRA-League,69.12893582494388,78.67667467293198,65.54616734986102,72.4377523282398,27
Vítor Jacaré,Bahia,BRA-League,44.86593004283691,58.06404493293176,67.69157543186553,58.38660336454027,23
Yago,Bahia,BRA-League,54.194505229651625,69.55503143113137,40.44202984459815,39.003986187226516,27
Adson,Corinthians,BRA-League,44.525556966603524,56.642399217722925,80.0259662887856,70.55505180222406,22
Giuliano de Paula,Corinthians,BRA-League,64.56221757247579,55.42536008150485,52.65020977836596,39.905049917615834,32
Matheus Araújo,Corinthians,BRA-League,28.994584250725342,38.469026921651185,49.46428998083468,72.42032904147138,20
Maycon,Corinthians,BRA-League,82.89558853584354,76.16804958914159,66.86732661419408,33.979973734510295,25
Pedrinho Santos,Corinthians,BRA-League,17.779056170209152,21.309171145864664,62.377857449749385,71.08098041412106,16
Ruan Oliveira Ferreira,Corinthians,BRA-League,31.761503006263776,47.436627265009584,57.213203912585676,66.12733468933679,22
Andrey Ramos do Nascimento,Coritiba,BRA-League,71.84719971826429,64.0749082358708,55.026544376754195,51.53853728676556,24
Bruno Gomes,Coritiba,BRA-League,71.00155081898588,74.01081735198547,79.09737173242553,61.11132869725607,21
Fransérgio,Coritiba,BRA-League,40.632271257509586,22.927075376337065,58.517970172857446,42.123208991250074,32
Kaio,Coritiba,BRA-League,31.877268240672237,43.630465775924385,67.95005821375345,69.7561415376547,18
Liziero,Coritiba,BRA-League,49.03203871489594,37.35596220743948,31.04566760686093,38.11942475928296,24
Marcelino Moreno,Coritiba,BRA-League,61.5165608805749,57.42137880938213,91.1371290004365,81.95957932259937,28
Matheus Bianqui,Coritiba,BRA-League,46.938600640014094,70.644579769429,35.718882511546504,48.202894858923166,25
Maurício Garcez,Coritiba,BRA-League,5.826710080673647,17.39315770068826,39.15030736680647,73.02326774605412,25
Robson,Coritiba,BRA-League,53.586304941265524,71.7976249295006,60.660080438504416,80.95867011797864,31
Sebastián Gómez,Coritiba,BRA-League,47.65512238291242,55.80518180586974,48.77743051655388,31.214159406140084,26
Ian Luccas,Cruzeiro,BRA-League,14.283533326067962,21.68650315347608,0.0,59.85393495931295,19
Jussa,Cruzeiro,BRA-League,67.8676108777188,64.35898177492706,50.083047180525384,29.284055138056143,26
Machado,Cruzeiro,BRA-League,84.2972832211886,72.11658702332575,56.30674727105277,43.74628595990118,27
Neto Moura,Cruzeiro,BRA-League,43.80835043169376,20.422316433508307,23.41672447891067,53.39361805653963,26
Denilson,Cuiabá,BRA-League,72.055190799231,65.66982639189393,71.65128459583053,59.99528161189276,21
Fernando Sobral,Cuiabá,BRA-League,69.31930861923516,79.2867028236047,78.77650437459589,57.854947362685984,28
Filipe Augusto,Cuiabá,BRA-League,66.12927352631594,46.190683499716535,53.545787005792455,39.40451788491159,29
Lucas Mineiro,Cuiabá,BRA-League,31.21407904731312,19.193349794125275,30.366726774162643,35.49306004592473,26
Pablo Ceppelini,Cuiabá,BRA-League,62.445057207501065,37.696340169400855,51.21248627988793,67.11900632916748,31
Raniele,Cuiabá,BRA-League,75.65071310098541,82.13875719376456,71.42677155302181,51.1947322685075,26
Ronald,Cuiabá,BRA-League,45.12325431027169,30.541917782756467,54.61206321344836,64.1808262452479,25
Gerson,Flamengo,BRA-League,72.73462882700353,71.92820636531378,81.92732578515269,66.33908518132559,25
Alexsander,Fluminense,BRA-League,42.18296101525947,67.2483394630348,64.24402895654264,46.99781470164817,19
Danielzinho,Fluminense,BRA-League,52.953087515280814,47.07891469410046,50.04585265026661,57.77784625183205,27
Leonardo Fernández,Fluminense,BRA-League,34.85533457741371,38.13194461364671,53.22052504490832,67.5559092147639,24
Hércules,Fortaleza,BRA-League,39.799218339961826,52.028275008552725,48.76569569255836,55.28564458538751,22
Everton Morelli,Goiás,BRA-League,66.25626983949292,79.50616737068995,65.59519833747014,46.87811897423089,25
Guilherme,Goiás,BRA-League,69.29758625790693,56.24099976245468,54.97152199306079,76.65192593397538,31
Luis Oyama,Goiás,BRA-League,37.98045155359301,29.146003315467507,45.52757399190782,56.27845764579931,26
Raphael Guzzo,Goiás,BRA-League,50.23836650060336,14.19888545795584,43.72339066424739,56.90688963205572,28
Willian,Goiás,BRA-League,68.05069247004485,76.44415482472553,35.938532651570874,30.55752313721837,29
Bitelo,Grêmio,BRA-League,59.405413875140326,65.28247940316932,67.97039916958924,75.13231467677127,23
Cuiabano,Grêmio,BRA-League,19.82883348942582,36.5407156838752,37.36306490754232,56.205738248491436,19
Felipe Carballo,Grêmio,BRA-League,68.02142285358084,57.623945697256026,67.3456538955699,54.91342053184064,26
João Pedro Pepê,Grêmio,BRA-League,67.82758472143185,61.98212571742183,67.87382643339645,42.97859140551748,25
Mathías Villasanti,Grêmio,BRA-League,81.54300914831587,88.5590060978093,72.53864343069867,48.347725201456434,26
Jean Lucas,Santos,BRA-League,73.38051264895823,60.683654307010414,70.54196898279022,68.0526373226102,24
Tomás Rincón,Santos,BRA-League,53.01001149565079,62.148561320726536,48.40406987074014,43.85733324491777,35
Bruno Praxedes,Vasco da Gama,BRA-League,60.504064350962906,63.26109052285421,72.53201270002772,50.211022017819765,20
Dimitri Payet,Vasco da Gama,BRA-League,38.19519575528695,11.382400118734365,58.42826838385162,72.26153467856078,35
Gabriel Chaves,Vasco da Gama,BRA-League,30.839319869616773,64.30281901298747,84.88329515415062,100.0,21
Jair,Vasco da Gama,BRA-League,81.15224458449988,69.3704427013582,76.31030485974954,57.9456709043376,28
Paulinho,Vasco da Gama,BRA-League,72.07331979864506,68.72889084354222,78.98530864020078,53.865024247895334,26
David Simão,Arouca,POR-League,94.45598221277625,88.09735425456937,68.59368199205677,34.489029756527586,33
Eboue Kouassi,Arouca,POR-League,62.373734024823214,62.43668258880775,39.44969579689041,29.525044255438225,25
Pedro Santos,Arouca,POR-League,78.45527767624633,67.6386527657247,70.93413719734598,43.15974320367638,22
Sebastián Pérez Cardona,Boavista,POR-League,83.77451419646437,82.73707750593677,64.25827729882305,22.162983164368814,30
André Geraldes,Casa Pia,POR-League,31.28811651250593,14.684852373262784,21.063048180876322,17.3515283951734,32
Beni,Casa Pia,POR-League,58.63142369907117,66.64100395453119,60.37399861195335,22.187301980902436,21
Larra,Casa Pia,POR-League,72.74427960486237,81.5989613298225,91.8827512595174,47.355079600375426,25
Leonardo Lelo,Casa Pia,POR-League,75.97169003588398,82.5935960901311,81.41591820411534,47.13853354147315,23
Neto,Casa Pia,POR-League,83.02165942294761,78.27353291659699,54.03044379337791,28.23299630144682,31
Pablo Roberto,Casa Pia,POR-League,65.96957111593734,60.173888963977376,74.13426871133507,72.75302708432531,23
Samuel Justo,Casa Pia,POR-League,31.5551455576297,29.81106174869027,33.00835899222557,44.70604354586186,19
Telasco Segovia,Casa Pia,POR-League,40.723388606764736,53.54890755337518,43.22648851615674,45.93513961215818,20
Tiago Dias,Casa Pia,POR-League,24.134605848366302,33.9306954671561,65.88533721989481,77.3435386170663,25
Benny,Chaves,POR-League,44.883369102175415,31.889364717616946,56.887825952818424,74.62175314881317,23
Bruno Langa,Chaves,POR-League,67.90208439671575,54.69502907546469,74.65727792745288,47.05878735002961,25
Dario Essugo,Chaves,POR-League,44.928294082425694,67.77329744164967,57.81643344566473,5.865731782082584,18
Hélder Morim,Chaves,POR-League,37.62446306048741,48.385648298832244,20.327173442874948,53.86447313015468,22
João Pedro Araújo Correia,Chaves,POR-League,58.88956271479684,62.786599246658255,88.020344218873,61.43079827278043,26
Kelechi Nwakali,Chaves,POR-League,85.72707922130564,71.51028976511337,77.0015591859737,52.97298716933847,25
Raphael Guzzo,Chaves,POR-League,57.83203662834414,47.52529382389349,56.024988202671246,62.175250298146025,28
Ricardo Guimarães,Chaves,POR-League,50.217293324882974,64.11087353917428,59.4933354326687,38.5258523574827,27
Rúben Tiago Rodrigues Ribeiro,Chaves,POR-League,51.196832278829795,50.07557085199426,66.31921644616395,63.455564543866416,35
Jordan Holsgrove,Estoril,POR-League,77.4967642312393,58.468752854179016,57.6366271555439,34.242537479657194,23
Koba Koindredi,Estoril,POR-League,39.559190223949095,37.964419401206975,47.27214443168467,43.665430701818856,21
Mateus Fernandes,Estoril,POR-League,79.5908427743313,90.4002421860911,85.41582368284205,53.979349899668364,19
Rodrigo Gomes,Estoril,POR-League,55.05196780749635,83.19384254010109,85.83827762602937,82.89672251591182,20
Tiago Araújo,Estoril,POR-League,64.90850457213988,69.22220497075187,80.42148660037121,49.13063008833605,22
Vinícius Zanocelo,Estoril,POR-League,57.08827703194256,45.65300384470574,37.48181360033351,33.36781203991437,22
Wagner Pina,Estoril,POR-League,33.96137503611764,66.90486300681326,57.63468516573346,35.300715453310254,20
Aloísio Souza Genézio,Estrela,POR-League,66.877737001388,72.16180054429032,23.58183622655754,35.530625413406966,27
Eulânio Ângelo Chipela Gomes,Estrela,POR-League,24.27552531972,36.49159005883046,45.38399975854839,50.14273587808608,29
Hevertton Santos,Estrela,POR-League,74.19011748274636,68.5298152895222,68.01050082748088,45.031755804101145,22
Jean Felipe,Estrela,POR-League,67.5247622870305,56.12815490440697,51.42391496923637,46.233663228265534,29
Leo Cordeiro,Estrela,POR-League,80.37467467359225,82.29066003213423,70.03920030033537,50.23272844006363,27
Leonel Bucca,Estrela,POR-League,40.29356740116348,53.773590412889185,43.900580937624575,67.02843365368042,24
Nilton Varela,Estrela,POR-League,23.62075194220373,39.62086621597648,36.57944359748812,36.19181074970541,22
Pedro Sá,Estrela,POR-League,50.63058596316344,22.67531330358944,21.053874043503612,40.72140694139102,29
Rúben Lima,Estrela,POR-League,51.88458912150365,46.073589890931046,45.11537818057907,34.279800687133964,33
Vitó Ferreira,Estrela,POR-League,40.08606220404559,28.272319914210147,17.238434113896737,34.94256492915456,25
Mattheus Oliveira,Farense,POR-League,79.97907985585503,80.6934839044918,69.51653486132334,66.29676791037845,29
Rafael Barbosa,Farense,POR-League,45.23449402135938,32.49702254015566,51.970943885378475,67.0591045650955,27
Vítor Gonçalves,Farense,POR-League,42.09475577422282,35.572405899532846,42.695177234662715,62.5773064222902,31
Carlinhos,Portimonense,POR-League,85.51393661057163,60.57429553890986,86.68523285114632,73.46437828253859,29
Dener,Portimonense,POR-League,74.05335633391972,72.80032591561213,56.70687309819389,47.677307563103795,31
Paulo Estrela Moreira,Portimonense,POR-League,58.64754500285363,42.41371222357166,40.24822850087399,18.679806539749897,24
Taichi Fukui,Portimonense,POR-League,30.342812409441812,22.890367293533934,20.14940664939034,58.9607583556941,19
Stephen Eustáquio,Porto,POR-League,75.71104589678963,86.84218287980065,48.254296705476406,49.71997402948858,26
Amine Oudrhiri,Rio Ave,POR-League,81.49151793609771,74.58508779056794,63.165117041977524,13.928169516131875,30
Bruno Ventura,Rio Ave,POR-League,9.383111594998676,4.2079703551578165,20.939303601429945,89.04543106121966,22
Costinha,Rio Ave,POR-League,70.72759757997633,98.74980419481322,89.11709307170732,60.690567693800816,23
Fábio Conceição,Rio Ave,POR-League,63.924293697017376,75.63023786897224,84.77936803455988,64.88634024549167,22
Gonçalo Rodrigues,Rio Ave,POR-League,62.25108819308552,39.3373472542718,72.07154369360441,67.26409569156496,26
João Graça,Rio Ave,POR-League,56.3388626341406,56.77074140457069,59.14374899840655,53.68792920217038,28
João Teixeira,Rio Ave,POR-League,38.16345556023446,46.44238027940207,50.0665190912332,54.030498219262626,29
Marious Vrousai,Rio Ave,POR-League,30.452959393460826,52.58499050893381,44.182188059747126,48.64015239348308,25
Mateo Tanlongo,Rio Ave,POR-League,26.707321455245296,37.912898667152824,25.407247244420578,32.894586491947294,19
Úmaro Embaló,Rio Ave,POR-League,30.375830436318353,25.429276515035127,51.0523628341757,47.6888285808389,22
Daniel Bragança,Sporting CP,POR-League,51.00833655875211,71.68905808418641,54.13943916747402,59.7186337588681,24
Geny Catamo,Sporting CP,POR-League,52.98209299492602,70.10752782308856,87.6226087064912,66.18446083677657,22
Hidemasa Morita,Sporting CP,POR-League,77.21611014294281,81.4426265203651,51.33768374539237,52.612081271828245,28
Morten Hjulmand,Sporting CP,POR-League,70.98846948067659,87.37777946488644,37.05343364874471,37.21865993167297,24
Nuno Santos,Sporting CP,POR-League,73.87804940708033,68.20634071289416,78.08069901226968,70.52386751828068,28
Ricardo Esgaio,Sporting CP,POR-League,66.11940405686572,68.40946214003137,61.111991522862716,51.67251742073725,30
Afonso freitas,Vitória,POR-League,29.990619469500235,34.71569687466897,29.50804817472536,29.14234205230841,23
André André,Vitória,POR-League,50.49945121228014,33.68846940159552,59.31615650407386,60.181494175215974,33
Bruno Gaspar,Vitória,POR-League,73.7539846087945,77.03419922197989,74.03952168673513,55.23087665092293,30
Daniel Bandeira,Vitória,POR-League,49.22273691538937,35.045689800432285,57.50911469068327,56.97958145933967,23
Miguel Magalhães,Vitória,POR-League,54.500921880758156,61.809010592019796,46.77989580051792,49.18049884797955,20
Ricardo Mangas,Vitória,POR-League,57.592357783216706,63.64918732866156,72.733840942502,61.074078959603476,25
Tiago Silva,Vitória,POR-League,92.9423987348327,77.42089876337252,74.29627356847344,64.30801689336623,30
Tomás Händel,Vitória,POR-League,83.11755046466814,78.69654294660167,83.8871814487491,49.12380744588265,22
Aleksandar Busnić,Vizela,POR-League,51.47697469795941,50.453727739920474,21.162835473085682,42.57119267578508,25
Bruno Xavier Almeida Costa,Vizela,POR-League,36.544548029745286,21.84265878239448,40.935980589031985,46.32479194172948,26
Diogo Nascimento,Vizela,POR-League,77.6976142738056,63.11354319872724,71.33545068415133,40.579410423167026,20
Pedro Ortiz,Vizela,POR-League,56.68915624343914,49.77283069955586,40.26664450726729,11.314328526950062,22
Samu,Vizela,POR-League,91.51041101441872,87.817343223393,69.9958415031346,66.48913483182713,27
Braian Rivero,Arsenal,ARG-League,60.76133115689644,58.22039544457437,43.272395730153406,43.46043461399886,26
Gonzalo Muscia,Arsenal,ARG-League,60.13182856827191,76.44288897546913,49.72755921809905,23.04065741635865,23
Tiago Banega,Arsenal,ARG-League,72.51728178677276,73.70600309855733,43.55575103504183,46.60164172139986,23
Alejandro Cabrera,Banfield,ARG-League,84.00477691886766,98.11811503561327,55.565133797670875,27.786781919476322,30
Brahian Alemán,Banfield,ARG-League,74.15140693671066,80.65057891065146,61.6022315354876,67.02792757585485,33
Eric Remedi,Banfield,ARG-League,78.33166198740625,88.85796415547536,75.49874995333215,35.575952035128104,27
Ignacio Rodríguez,Banfield,ARG-League,21.580681348688838,40.15698558194924,61.935855896079985,54.376983851645164,20
Juan Bisanz,Banfield,ARG-League,38.59921282035553,83.76213883610184,82.69277096353258,84.42774446582241,21
Matías Romero,Banfield,ARG-League,50.543385195879075,53.61720314031325,54.769908900019004,44.65966766340432,26
Brian Calderara,Barracas Central,ARG-League,,,,,24
Carlos Arce,Barracas Central,ARG-League,79.14051258807197,89.10857112463859,33.73254591948033,20.3650194403613,32
Facundo Mater,Barracas Central,ARG-League,66.12369748781806,89.29330691274924,81.15163108676879,57.174404500717344,24
Iván Tapia,Barracas Central,ARG-League,86.22270064731123,77.58417455731364,50.47591779433429,53.03370422414919,24
Lucas Colitto,Barracas Central,ARG-League,43.06122898887186,45.94081720943586,66.05812160766638,63.636977744659916,28
Marcos Benítez,Barracas Central,ARG-League,29.297706822032875,31.501281699822187,40.81807334401055,57.3567348597883,21
Maximiliano Rodríguez,Barracas Central,ARG-League,52.603039421336106,41.4274891182758,55.723900688295835,62.61368592123959,34
Rodrigo Herrera,Barracas Central,ARG-League,60.86307245179076,85.10492838505671,49.9534593704207,27.854734498625827,22
Ariel Rojas,Belgrano,ARG-League,73.58230328435394,72.10700240013915,49.437974938590926,45.93436368795425,37
Bruno Zapelli,Belgrano,ARG-League,79.49339171681753,78.24983024756875,85.93227556413862,63.35398429379523,20
Ibrahim Hesar,Belgrano,ARG-League,17.586931300396884,53.418094039123055,34.9537802023285,69.55312097063053,29
Matías García,Belgrano,ARG-League,50.65979821249825,57.89115327481987,59.98557091861326,62.119232100847476,31
Santiago Longo,Belgrano,ARG-League,97.97595698809246,95.43238782154103,72.61474027431373,28.244406755643364,24
Ulises Sánchez,Belgrano,ARG-League,72.81290744416894,78.87021907771646,83.68155429201734,69.76081536167467,24
Alan Varela,Boca Juniors,ARG-League,70.84525408514946,91.02506723453216,59.43273157682596,21.10517951328294,21
Cristian Medina,Boca Juniors,ARG-League,57.25022687707383,70.40097780334872,75.00089699442172,63.25601910821032,20
Guillermo Matías Fernández,Boca Juniors,ARG-League,77.81706918916764,88.80289548597572,67.554336068538,53.37291050759364,31
Ignacio Fernández,Boca Juniors,ARG-League,66.74537266706443,86.77876246333707,69.47929242598676,40.018064407440036,20
Juan Ramírez,Boca Juniors,ARG-League,31.405374110956725,50.57870331789683,51.78065477736852,48.25171704963303,29
Martín Payero,Boca Juniors,ARG-League,24.95212962644347,38.650361202735475,44.167763259225225,69.20160002386379,24
Óscar Romero,Boca Juniors,ARG-League,71.52550197250994,57.2494630744419,69.75995874202005,63.61035434646529,30
Baldomero Perlaza,Colón,ARG-League,68.88819096419431,82.07062902514394,62.754594197430855,59.554256158541705,30
Carlos Arrua,Colón,ARG-League,54.211545184127615,48.639840233077315,60.32011048946014,66.88773604601352,25
Cristian Vega,Colón,ARG-League,67.0834754236674,77.66264778657786,43.36877472320285,17.001717430167893,29
Juan Álvarez,Colón,ARG-League,61.54769767835659,69.57319543983532,80.77444932767052,55.927490366334155,26
Julián Chicco,Colón,ARG-League,72.01038190256878,70.25872740386565,38.50637342598367,28.16757749858877,25
Leonel Picco,Colón,ARG-League,53.50906606061692,73.41469565146765,41.726563617219114,30.983882196182066,23
Stéfano Moreyra,Colón,ARG-League,46.876141245247126,65.1419836260154,36.58930315667298,8.175212680814289,21
Tomás Galván,Colón,ARG-League,36.72376102043065,40.764575063806305,47.32354650655223,63.906699120298484,22
Fernando Zuqui,Estudiantes,ARG-League,71.8306540010609,79.88677079800817,64.46850014427366,70.02662715550969,31
Jorge Agustín Rodríguez,Estudiantes,ARG-League,98.12954921295973,95.80921990096807,77.29504761277617,32.42099834551737,27
José Sosa,Estudiantes,ARG-League,68.09274580985146,65.19560145853262,64.04081669552694,67.15282698185241,37
Matías Godoy,Estudiantes,ARG-League,24.199226217646157,35.315844773433255,67.618627108674,83.04122716502388,21
Santiago Ascacíbar,Estudiantes,ARG-League,87.86538680202182,100.0,64.98971528159404,47.92237637018182,25
Agustín Mulet,Independiente,ARG-League,51.8911910235183,44.173554880512896,29.3484968538188,19.957862291069546,22
Brian Martínez,Independiente,ARG-League,,,,,23
Iván Marcone,Independiente,ARG-League,86.22743908004523,84.79976514992642,64.49432160801884,22.101793267275717,32
Javier Vallejo,Independiente,ARG-League,27.70643322152104,55.97331809807014,71.31158390530821,78.06680719046251,19
Juan Cazares,Independiente,ARG-League,54.98293223265477,31.074579980870126,51.25635450484685,78.16536514243198,30
Kevin Lopez,Independiente,ARG-League,63.63763346680559,65.93643640324191,82.33408093859109,50.983994117888855,21
Martín Sarrafiore,Independiente,ARG-League,43.644340211678674,61.413715086978016,57.87026249082775,58.471523785891,25
Sergio Ortíz,Independiente,ARG-League,64.2398076755559,93.46284890197063,57.77194524583209,49.4312716410241,21
Gabriel Graciani,Instituto,ARG-League,65.1753140021883,77.74317445031436,80.19758944832556,73.14887275068547,29
Gastón Lodico,Instituto,ARG-League,96.38433324848029,95.29035577946162,93.04958725378056,61.280076111758675,24
Nicolás Linares,Instituto,ARG-League,70.46169500626547,87.66244861774676,54.67767497064332,30.055644953029294,26
Roberto Bochi,Instituto,ARG-League,80.27176283864561,75.23817115139586,48.42840392837204,18.55973311955798,33
Luciano Boggio,Lanús,ARG-League,67.79342225688906,72.35030348985205,73.17424572921884,67.00607494694083,23
Raúl Loaiza,Lanús,ARG-League,56.806166033646576,62.42361714939839,53.201551791995115,60.07181132869933,28
Tomás Belmonte,Lanús,ARG-League,69.89580911562642,88.77441320230432,44.89785300372867,35.11222426196808,24
Cristian Ferreira,Newell's OB,ARG-League,66.83726862592842,60.12560154076721,65.2088518224051,63.21797457209048,23
Iván Gómez,Newell's OB,ARG-League,66.14788963431236,92.73308247666466,71.89633239789005,45.05823634299361,25
Juan Sforza,Newell's OB,ARG-League,92.27012346882607,92.09731006377712,61.617394408009304,26.087241197207312,20
Lisandro Montenegro,Newell's OB,ARG-League,44.420898039966424,45.90613465395455,46.62786069355305,37.89410267057273,19
Marcos Portillo,Newell's OB,ARG-League,60.44044226111769,75.30878808797948,65.65528359375132,54.23370454827599,23
Franco Baldassarra,Platense,ARG-League,50.79952008026649,61.40839709906288,41.25404082000575,65.6986018710919,24
Franco Díaz,Platense,ARG-League,77.55914923367627,85.04890298488903,81.31573115636458,44.34627508857938,22
Iván Rossi,Platense,ARG-League,79.92820853743568,90.28884966250568,41.99729952415833,12.927223664857978,29
Aníbal Moreno,Racing Club,ARG-League,80.18212006004292,86.4411828434531,59.866764815854424,39.40773606167971,23
Jonathan David Gómez,Racing Club,ARG-League,64.69330116993359,76.35411744469896,66.37847880114504,62.55822562365834,33
Juan Nardoni,Racing Club,ARG-League,67.74385071007839,92.07835881997045,68.37154529168178,46.357037119990636,20
Maximiliano Moralez,Racing Club,ARG-League,52.18192799328792,39.86613275410763,47.13139667862574,68.64671438981547,35
Nicolás Oróz,Racing Club,ARG-League,61.40127729449472,75.39420145825062,56.7610584041652,56.01217666390629,28
Agustín Palavecino,River Plate,ARG-League,63.224045529178156,67.62281722072633,67.79357646293478,68.97605757638328,26
José Paradela,River Plate,ARG-League,47.946536224765154,72.58573522603034,69.92240628728986,75.01908557661157,24
Nicolás De La Cruz,River Plate,ARG-League,71.42393399064139,60.92162521324066,78.19738916962163,68.94136651831346,25
Agustín Martegani,San Lorenzo,ARG-League,55.25521501784931,34.935857311820605,73.44656872376598,73.75937597796877,22
Carlos Sánchez,San Lorenzo,ARG-League,68.55182059652016,67.49199983460954,31.082536068495624,20.53757385803953,36
Jalil Elías,San Lorenzo,ARG-League,93.6876877312297,80.2442008980122,68.39381043816002,34.54011002944043,26
Emiliano Méndez,Sarmiento,ARG-League,81.2853334999774,87.66442584596633,70.58782728032172,41.92017462888552,33
Fernando Martínez,Sarmiento,ARG-League,70.93070899972761,78.54734064520227,28.32763436765259,27.73099263984062,28
Sergio Quiroga,Sarmiento,ARG-League,64.24206529629467,51.62411643869039,58.235570353732555,76.00974868165156,28
Agustín Cardozo,Tigre,ARG-League,81.61416635214735,73.18877495809659,83.01726739040353,28.023992943341185,25
Alexis Castro,Tigre,ARG-League,63.54525980142116,86.52215354574884,71.10342251930533,73.32833269436215,28
Lucas Menossi,Tigre,ARG-League,81.99662048730802,80.30685426060252,72.77745702525861,60.89838586733498,30
Sebastián Prediger,Tigre,ARG-League,65.98747618634908,86.49381414575046,64.89227916553281,32.70869032443535,36
Juan Ignacio Méndez,Vélez Sarsfield,ARG-League,51.09957080987053,50.705469155672546,37.35568911107748,8.386021096466104,25
