player,team,league,poacher_score,outlet_score,deep_lying_score,dribbler_score,creator_score,target_man_score,age
Eddie Nketiah,Arsenal,ENG-Premier League,49.791925481904904,63.22270140420555,33.16024188056938,61.125440245844544,57.87105315248694,59.805158409612815,24
Gabriel Jesus,Arsenal,ENG-Premier League,49.64648936411179,53.16218413343826,43.26377423177369,73.26519066910261,77.54539508695495,42.90697320850073,26
Jhon Durán,Aston Villa,ENG-Premier League,65.50922096625428,56.261455582770495,64.04209439055852,57.28474980736063,57.96223970116207,65.48303632683363,19
Moussa Diaby,Aston Villa,ENG-Premier League,41.71767652004184,55.16540919106687,60.68755376772403,85.28597616059692,92.24679428564274,8.553623364735646,24
Ollie Watkins,Aston Villa,ENG-Premier League,66.35916871965456,61.74877305738373,46.23832305479173,65.09769786784744,81.08548029480794,66.43208563834304,27
Dominic Solanke,Bournemouth,ENG-Premier League,65.53801969685476,71.7197670968167,26.28675184415412,62.91493052115336,72.40538978955719,80.51450266620832,25
Bryan Mbeumo,Brentford,ENG-Premier League,42.25301223653643,71.61518280169386,61.82684120563968,88.81861196773463,81.9566476629185,48.60930052363147,23
Ivan Toney,Brentford,ENG-Premier League,36.26950933908874,61.44248410615627,74.3511121672033,62.27254532325131,67.60632871027914,74.55349042670811,27
Neal Maupay,Brentford,ENG-Premier League,50.84892900487573,52.631844308378604,66.68268804446885,65.40540799627604,81.18757701702629,52.25978040828616,26
Yoane Wissa,Brentford,ENG-Premier League,49.6318511675375,68.64015283203155,51.11379549912234,67.36070213701043,75.97080497165304,62.87716282514012,26
Danny Welbeck,Brighton,ENG-Premier League,17.453908858414575,36.4558912893235,56.87261875639531,51.99327907845939,74.68272319206167,43.310811784138835,32
Evan Ferguson,Brighton,ENG-Premier League,13.054656743570867,32.21129055176588,56.250585871092674,34.655564316838415,48.33928360622018,45.45714516122336,18
João Pedro,Brighton,ENG-Premier League,38.889980595606424,61.09535613402839,51.64963847917928,81.49532322135623,80.80896117769483,51.30487617482511,21
David Datro Fofana,Burnley,ENG-Premier League,60.23851381288361,76.70606661346837,30.565116808103436,73.88763396241016,52.53493476064842,57.099340022844515,20
Jay Rodriguez,Burnley,ENG-Premier League,16.613252880673116,2.8016975704290537,71.17515937877114,14.931873729620374,39.136974677035,66.87769948024408,34
Lyle Foster,Burnley,ENG-Premier League,34.03037694894329,83.92861032395129,46.66889980017662,76.87555677668723,69.51796936458913,74.5313976762653,22
Zeki Amdouni,Burnley,ENG-Premier League,18.001970685395527,73.05320057615775,60.28422147958374,80.31832698657475,62.657305018292156,51.10577670712521,22
Armando Broja,Chelsea,ENG-Premier League,52.709865385751264,69.96916014340236,17.400160567320103,71.2119421825948,45.214873810573565,40.71582423473018,21
Nicolas Jackson,Chelsea,ENG-Premier League,45.47811043911881,71.9213015625145,57.993369543086246,70.10647211546471,75.36711510468125,58.65019488114363,22
Jean-Philippe Mateta,Crystal Palace,ENG-Premier League,60.099571329087475,61.80863613339312,30.96712978048955,54.75220434012462,75.19906244337668,70.98259792731916,26
Odsonne Édouard,Crystal Palace,ENG-Premier League,53.271346393253104,67.81695053987545,41.21890108949868,72.67987354241966,68.94377095609308,63.11467792225083,25
Abdoulaye Doucouré,Everton,ENG-Premier League,38.31999247004404,48.06689062580636,66.74170019178763,68.36671211342214,73.44865777881509,49.44620586680822,30
Beto,Everton,ENG-Premier League,61.76732644335543,70.13121840042322,25.430970239061367,66.61743443204182,62.1395205566864,78.00303360828981,25
Dominic Calvert-Lewin,Everton,ENG-Premier League,50.80368922693963,80.1758707211036,42.17277370705877,62.58812101981491,66.71736549179344,91.30591237743046,26
Raúl Jiménez,Fulham,ENG-Premier League,38.80690702443647,43.40483716894544,58.44687100173627,43.78161023163195,58.10493770379396,71.52911872940305,32
Rodrigo Muniz,Fulham,ENG-Premier League,71.42429816830591,37.7658197020893,25.716335363407573,21.563490673545104,66.47813016720511,86.21789070443991,22
Cody Gakpo,Liverpool,ENG-Premier League,40.89617711128601,56.162048380698934,68.02152447123356,68.57898622311546,78.71956822283705,53.831229643909595,24
Darwin Núñez,Liverpool,ENG-Premier League,71.49149160335033,65.99287034081223,47.35608589832363,67.92045706748698,80.54571104265015,56.775231934133764,24
Carlton Morris,Luton Town,ENG-Premier League,32.21008962227068,62.801683575476716,59.49582413915686,59.55179159861457,65.03609573275911,88.88063423542395,27
Elijah Adebayo,Luton Town,ENG-Premier League,75.69901557902877,60.940959572287376,5.950471917439952,62.725280131978366,56.60053884626025,71.43502784909387,25
Erling Haaland,Manchester City,ENG-Premier League,65.00807587331725,37.9017466289807,37.77236461048849,40.02984004230347,65.20955247267318,59.935279376653604,23
Anthony Martial,Manchester Utd,ENG-Premier League,42.57117076779868,46.9390126859788,57.18686992376028,49.64677174412229,64.86411262244143,52.85660723505392,27
Rasmus Højlund,Manchester Utd,ENG-Premier League,42.829196169148446,64.91792943571625,44.032588395658664,60.330496472233094,72.75332919807505,61.687363219853495,20
Alexander Isak,Newcastle Utd,ENG-Premier League,67.87401108763113,68.72033203879361,60.60802406776826,77.13658428510558,77.22262834725205,40.097821142535615,23
Callum Wilson,Newcastle Utd,ENG-Premier League,84.65313537571551,46.478413758803434,20.331740627954385,56.40563903522128,55.140614032599856,45.6253803680599,31
Chris Wood,Nott'ham Forest,ENG-Premier League,73.8477382455909,41.15204591635159,62.829666234628824,41.30382816304869,73.88078104391518,83.04524410413279,31
Taiwo Awoniyi,Nott'ham Forest,ENG-Premier League,59.73305323207874,54.47118881580488,42.74848012646492,47.239572580121006,80.47880345476575,70.35889979275804,25
Ben Brereton,Sheffield Utd,ENG-Premier League,55.659403296879425,69.54378385044421,72.77302967365605,78.4825263393199,74.06676531925163,43.766562834246315,24
Cameron Archer,Sheffield Utd,ENG-Premier League,35.53181927166599,71.39608611938465,41.8506667705605,77.32687848831023,74.68481264957308,42.557531621065465,22
Oliver McBurnie,Sheffield Utd,ENG-Premier League,53.49069149282547,36.28975884233657,58.25217428604748,40.14579205761953,76.55895204332697,93.23595526556583,27
William Osula,Sheffield Utd,ENG-Premier League,23.5871629369896,80.59819741561051,24.07965825475094,56.13458113506516,30.474698745845192,78.88245834191135,19
Richarlison,Tottenham,ENG-Premier League,60.86999960926926,46.499794536906904,45.63488904720283,54.355382635385865,61.20377046877186,57.265504885450355,26
Son Heung-min,Tottenham,ENG-Premier League,44.05352435716991,47.15015440760162,64.34807580552551,77.57403954028285,90.34539386182497,12.301702580608675,31
Michail Antonio,West Ham,ENG-Premier League,37.484523597148296,87.4800149056044,36.05413496175315,76.64568573328351,55.08911828008641,67.66424497320924,33
Hwang Hee-chan,Wolves,ENG-Premier League,46.398330709748684,49.94964171760808,55.927830250920486,64.0206625037107,66.36731183821702,37.79003780554099,27
Matheus Cunha,Wolves,ENG-Premier League,36.387432444482776,70.69433373895372,72.77661102084988,92.49129527766928,74.21389754695637,43.913498014947535,24
Giuliano Simeone,Alavés,ESP-La Liga,42.035082472440024,73.74969547461869,60.921226695799305,85.12479315853206,86.99825626770803,24.76398112835479,21
Kiké,Alavés,ESP-La Liga,67.49067375193681,62.198695192820566,41.31448083435815,59.77684075860433,75.01674376372105,76.22816070448391,34
Samuel Omorodion,Alavés,ESP-La Liga,64.62240715512793,72.29014306493447,34.75464577205314,66.59690513812856,55.973951516384915,80.7781896035971,20
Anthony Lozano,Almería,ESP-La Liga,30.360946887073826,70.1166695074502,57.54083971364597,61.98518876550556,61.584124404685404,72.21014439258727,31
Luis Javier Suárez,Almería,ESP-La Liga,55.03705101474806,84.07126835288767,58.63067765515194,79.51449383478045,55.90128564364038,51.66605367559834,26
Léo Baptistão,Almería,ESP-La Liga,30.333724969243935,55.58225747365352,79.68877717505517,59.62049346161138,67.30100156169927,71.49159535424697,31
Asier Villalibre,Athletic Club,ESP-La Liga,57.880248543056766,53.15686981832771,46.556246796646796,59.34705129911346,89.27519532955264,66.51944694314867,26
Gorka Guruzeta,Athletic Club,ESP-La Liga,50.777918787860585,35.487028821879214,55.71189569340667,37.44586081782003,73.12229017792887,75.92452121719586,27
Antoine Griezmann,Atlético Madrid,ESP-La Liga,32.23911830000654,18.979830939080106,88.20551436148027,55.57705257294761,82.03422701505313,34.26841283190288,33
Memphis,Atlético Madrid,ESP-La Liga,58.45381176219794,33.87414084004453,58.74643593853723,63.734783355078605,78.51475205818791,27.169379692426027,30
Álvaro Morata,Atlético Madrid,ESP-La Liga,67.04044796807861,43.973500873599725,49.776689779405785,48.66037026596936,58.89391142495849,65.36571052310623,31
Ángel Correa,Atlético Madrid,ESP-La Liga,67.86296657856485,36.402599323404296,47.67765806255706,71.12702087961277,87.27307200925651,21.896283514350205,29
Robert Lewandowski,Barcelona,ESP-La Liga,41.81994388261079,47.847362627619724,48.277355867247124,50.2680427480109,65.94497697764659,64.08050676530343,35
Willian José,Betis,ESP-La Liga,33.72432481703424,12.1019110618005,73.70210564847032,16.666935699829803,75.1667026496541,62.17274832681341,32
Anastasios Douvikas,Celta Vigo,ESP-La Liga,62.43548897472885,63.243553001080045,38.50914278506086,53.55483630437531,64.19157379243072,72.92465787676062,24
Iago Aspas,Celta Vigo,ESP-La Liga,28.127372934787644,41.00497545107406,80.94630695118184,75.69862935327738,100.0,24.77860362230857,36
Jørgen Strand Larsen,Celta Vigo,ESP-La Liga,54.18668324358925,51.04853822121406,42.61805629792798,56.00527887212181,65.18364547412938,75.00442064694494,24
Chris Ramos,Cádiz,ESP-La Liga,42.62442290572787,64.6122188651844,26.067403856420196,58.18354526357648,44.22271293667071,93.82654276652192,27
Juanmi,Cádiz,ESP-La Liga,39.90165627924524,43.67697301984148,56.56334059406111,53.41564206494353,73.15572422525123,50.74483959771251,31
Maxi Gómez,Cádiz,ESP-La Liga,15.925984162686893,69.14266054149158,37.61830542605738,46.353683852901874,58.48846346850032,88.62917771350119,27
Roger Martí,Cádiz,ESP-La Liga,26.860747251131084,32.08175199333376,58.19744495875867,40.59150662126041,67.95743766751657,55.33620613810608,33
Sergi Guardiola,Cádiz,ESP-La Liga,32.29352719727888,48.227146346951024,82.29794690903579,68.06646694908791,68.1563286175589,37.74700673274059,32
Borja Mayoral,Getafe,ESP-La Liga,50.086727995313005,60.448337563079846,65.50246832184797,61.57576514716909,69.61851538512833,72.04415132894756,27
Jaime Mata,Getafe,ESP-La Liga,42.42101955422122,40.46207416946076,47.82943414624563,45.73268993261131,69.00214790875808,69.90645888872771,35
Juanmi Latasa,Getafe,ESP-La Liga,44.295829818469166,41.880068644092894,36.237579211570306,29.377058721716182,70.56611078685829,96.40549699607554,23
Óscar Rodríguez Arnaiz,Getafe,ESP-La Liga,22.60635912283466,41.99089378107179,89.10170997258689,68.13336389732895,87.10402405454396,44.87956883486414,25
Artem Dovbyk,Girona,ESP-La Liga,75.84831861394062,28.169633246201293,41.19433972782147,30.312634091783696,74.66808786307953,64.44181445704514,26
Cristhian Stuani,Girona,ESP-La Liga,83.23917263266978,20.90509409661097,36.21155429138549,14.05931485480226,37.37720411331113,69.2602093000364,37
Antonio Puertas,Granada,ESP-La Liga,22.75241716941061,69.74199999815845,54.988216904112186,79.66894714238866,75.5661139971572,54.55504086007193,32
Lucas Boyé,Granada,ESP-La Liga,29.605552860352958,50.38585722807327,31.653973050804783,66.77282749137329,75.81937943469384,69.938332512423,28
Myrto Uzuni,Granada,ESP-La Liga,31.489520030277436,53.03075077733005,41.632607461259354,43.52664736303716,73.18078900519237,53.43467899174244,28
Marc Cardona,Las Palmas,ESP-La Liga,39.94547357280639,40.617752624412084,53.00941672528276,50.224965180068914,63.37418384567008,43.35269196535226,28
Sandro Ramírez,Las Palmas,ESP-La Liga,6.287070169461977,43.83677506135931,68.79769535154463,70.63413041674296,76.30804417747405,21.49633826526031,28
Sory Kaba,Las Palmas,ESP-La Liga,18.904291353470466,51.105060604684205,22.02203583705389,44.59601253316641,56.601454047554355,73.1375113754884,28
Abdón Prats,Mallorca,ESP-La Liga,36.80678015871647,48.715645041419265,56.2121737089194,41.646810087624516,74.89969642752482,77.56006295486063,31
Cyle Larin,Mallorca,ESP-La Liga,56.78000875915665,71.56383901824907,33.284002179511404,56.893661479197135,41.046742363618385,86.07822370315802,29
Vedat Muriqi,Mallorca,ESP-La Liga,35.33799237809549,52.45478714461521,57.144126405849384,43.04145565956468,76.63039066305505,91.01701287079963,30
Ante Budimir,Osasuna,ESP-La Liga,62.287790755637616,54.34139177083146,38.01494133698207,42.60445965535459,52.607007340133094,94.42366306688501,32
Raúl,Osasuna,ESP-La Liga,45.38867791176438,57.02645046536542,48.51383357555902,50.12010295871268,59.446729706643566,78.39429274614095,23
Kike Pérez,Rayo Vallecano,ESP-La Liga,22.67232961205789,55.70797344198466,71.45428859980848,70.15131215389479,73.35898382673938,46.846072218840476,27
Randy Ntekja,Rayo Vallecano,ESP-La Liga,34.046599342137455,67.01269561107266,43.82768607234074,70.18806340293196,77.61362540343976,68.26233897254488,26
Raúl de Tomás,Rayo Vallecano,ESP-La Liga,21.0941884380475,48.362469003533796,51.2340128531091,43.44058771730101,48.005885733191555,65.16179917475469,29
Sergio Camello,Rayo Vallecano,ESP-La Liga,22.989948196234312,50.9583118243362,49.9652025740027,59.73327025056992,75.94372135193197,52.862297416491124,23
Óscar Trejo,Rayo Vallecano,ESP-La Liga,10.560307610606243,37.33037622727148,70.50824957835509,72.964459738953,84.07856217671889,40.1979101356839,36
Brahim Díaz,Real Madrid,ESP-La Liga,42.59891170092453,43.92588406417543,59.9680786911903,91.5125373142446,81.81365011599618,9.334927628865106,24
Joselu,Real Madrid,ESP-La Liga,45.42093944673033,31.117880798663332,60.032777667603966,30.910998411645352,61.343557030606156,67.17239736145338,34
Rodrygo,Real Madrid,ESP-La Liga,47.24504824982556,61.473784372600704,58.76677018175267,97.73791301343749,72.57336215821316,14.206922892283405,23
Vinicius Júnior,Real Madrid,ESP-La Liga,69.40486779741522,61.2463149588005,45.29331181425362,99.95203751436948,69.12115314426885,0.2575324519292746,23
André Silva,Real Sociedad,ESP-La Liga,31.40993240427029,40.84107430846236,46.75551048675858,46.89527432576217,45.63217005475052,54.45887890350346,28
Mikel Oyarzabal,Real Sociedad,ESP-La Liga,32.77697863252855,39.65337522447952,51.50558413855383,47.49092505861292,65.0322814089254,58.56016433033546,27
Sheraldo Becker,Real Sociedad,ESP-La Liga,32.91349362217852,69.8558398797013,66.50259934773217,70.9085148309281,73.95989313894962,29.951365397480302,29
Umar Sadiq,Real Sociedad,ESP-La Liga,39.81534129907707,73.05547757220066,23.15940567575959,63.623365639959204,55.72789194448031,69.58188941136079,27
Dodi Lukebakio,Sevilla,ESP-La Liga,49.39010683798855,76.10377678054694,61.965126843446804,92.45471304848101,73.28606331522184,41.14822650978145,26
Isaac Bernal,Sevilla,ESP-La Liga,,,,,,,24
Lucas Ocampos,Sevilla,ESP-La Liga,14.704618448650184,74.05232682821476,73.96594422134018,86.28268720230515,70.70887941282751,63.13892498751357,29
Youssef En-Nesyri,Sevilla,ESP-La Liga,43.31951878830097,51.40822511107548,37.52768810086004,35.549246797931126,41.9176653693489,81.78158617062566,26
Érik Lamela,Sevilla,ESP-La Liga,53.64728586244222,38.69931722094994,38.089979132472244,77.50380523436935,87.59714495240051,21.64009394359635,32
Diego López,Valencia,ESP-La Liga,12.989348136664667,67.11313983971104,56.67739827964004,80.67987568530353,79.4106655151973,60.902104497120604,22
Domingos André Ribeiro Almeida,Valencia,ESP-La Liga,35.244256865818805,50.0876191086833,71.87586807494067,79.3544776819225,76.96138051824613,29.279392695897656,23
Hugo Duro,Valencia,ESP-La Liga,45.355420951713526,49.91223256459405,43.09852707620244,46.230791328431486,39.95290539025561,75.68175965360115,24
Roman Yaremchuk,Valencia,ESP-La Liga,49.77215241287153,64.49451417902742,49.50352642280852,58.836517030574186,39.23425440628211,71.20728052168776,28
Selim Amallah,Valencia,ESP-La Liga,12.609800556189843,47.45594972530525,40.12916801291613,71.24386697317546,53.13014446959906,50.993719620829545,27
Alexander Sørloth,Villarreal,ESP-La Liga,71.24468320886324,75.60357376372293,39.83625997319159,67.54722327936275,79.52759091584642,75.265351939658,28
Gerard Moreno,Villarreal,ESP-La Liga,36.991156044542514,41.43510274955232,76.48681962130604,72.09695810338897,94.07342261671172,47.76258285114704,32
Gonçalo Guedes,Villarreal,ESP-La Liga,32.55977313766662,53.09935329164123,72.4307350123311,76.23941363595968,84.73674487587809,14.482419796889886,27
José Luis Morales,Villarreal,ESP-La Liga,53.7161638508571,56.82770810858887,51.86292268072079,76.81478406574979,56.8982150019452,22.107056528066007,36
Kasper Dolberg,Anderlecht,BEL-Pro League,39.33847493879938,50.819497432468296,40.997840040607365,48.39876897884417,65.08342264062708,59.26596386954846,26
Luis Vázquez,Anderlecht,BEL-Pro League,79.83901578546119,55.593538968976056,56.49550437570671,56.88190165052277,61.350893878959226,58.130647394710856,23
George Ilenikhena,Antwerp,BEL-Pro League,65.84607693178222,67.23715249525661,28.02379073836506,53.252851556994976,52.75569335487783,72.52968451574576,17
Vincent Janssen,Antwerp,BEL-Pro League,31.871006264359323,42.84651777132731,73.66069797049167,53.472144126876586,82.77069385057493,58.468459266218645,29
Kazeem Olaigbe,Cercle Brugge,BEL-Pro League,61.23291060550816,79.34774456229526,51.802686359755825,94.44221810886681,92.62391629696405,31.707459038501156,21
Kevin Denkey,Cercle Brugge,BEL-Pro League,79.6485709541811,76.62553387007182,39.61833040457829,67.05566704173678,70.59201345489251,81.61645234159933,23
Antoine Bernier,Charleroi,BEL-Pro League,53.9326291090653,77.99126771772197,22.413276912301335,84.32846638889995,71.0056053833064,46.36261115354004,26
Oday Dabbagh,Charleroi,BEL-Pro League,38.23298672912356,66.23684840658458,53.25635905535363,68.28072439585287,67.49414579939456,58.675866745197695,25
Youssouph Badji,Charleroi,BEL-Pro League,26.395761526784156,65.09869503016306,68.98870030272217,45.086817318561266,60.983186651909115,86.76907268751131,22
Youssuf Sylla,Charleroi,BEL-Pro League,27.896655753456656,54.576834824119246,66.36223100406362,45.603873133949214,10.074032250622638,66.83410358275934,21
Jutglà,Club Brugge,BEL-Pro League,58.167327868088414,59.55880072635856,60.103075765837964,63.643638820027135,83.0216376831048,60.98875682233751,25
Thiago,Club Brugge,BEL-Pro League,64.53707423022817,58.938073677426964,30.351607876856185,55.37040501080139,69.12005039436848,73.35020165393337,22
Alfreð Finnbogason,Eupen,BEL-Pro League,19.284378333717704,47.06916329463532,79.94286288925055,54.70440094705368,80.94121753230681,53.243941185046616,35
Isaac Nuhu,Eupen,BEL-Pro League,25.36350054468092,62.963481101509956,66.54144112924976,77.65779490849768,66.55671718477537,46.664393353397266,21
Regan Charles-Cook,Eupen,BEL-Pro League,36.50796429264771,76.48493227350045,30.056521183926787,82.76072122778758,71.50033788147572,51.1957634606383,27
Andi Zeqiri,Genk,BEL-Pro League,85.49479157234474,53.45846851365253,42.69933939147048,54.88028889589558,0.0,61.14686312727067,24
Tolu Arokodare,Genk,BEL-Pro League,78.30093779440642,56.15570886905405,30.741687919935078,52.87460086207222,71.54577982775396,81.745813660064,23
Yira Sor,Genk,BEL-Pro League,60.79875764946486,67.19988427408957,59.06039836531954,74.03809732435592,80.32624714928107,53.67657033149476,23
Gift Orban,Gent,BEL-Pro League,50.520606878352496,63.355820816209985,67.4712448480869,68.43846770592467,63.594426212901986,48.96887731961121,21
Hugo Cuypers,Gent,BEL-Pro League,46.50194584358103,60.78060079707941,52.65816706577788,59.5994243306071,61.23460673142779,73.40701947911053,27
Tarik Tissoudali,Gent,BEL-Pro League,76.53848578511352,54.44351785503626,52.29135086641604,84.643322325017,84.04500125242568,35.99160603706428,31
Dylan Mbayo,Kortrijk,BEL-Pro League,24.551783563754288,71.0492325164602,60.306826857810115,99.20754851085174,40.18869414963894,11.136914394021248,22
Felipe Avenatti,Kortrijk,BEL-Pro League,20.95330020009491,41.74160260211022,83.49129967418031,48.51164146940985,69.30348775778363,83.75862620056142,31
Isaak Davies,Kortrijk,BEL-Pro League,44.38867745557229,82.02402868119752,27.13698950873478,69.47485406245471,32.459601417647086,65.21234946631166,22
Mounaim El Idrissy,Kortrijk,BEL-Pro League,9.091829049753608,58.075799717017105,77.20291667807058,45.80628321966629,45.686426923395764,72.15044688191855,25
Lion Lauberbach,Mechelen,BEL-Pro League,25.707949876870007,60.75489158449467,54.716660903200875,52.04297402769964,61.72462267867872,75.53739869312969,26
Norman Bassette,Mechelen,BEL-Pro League,45.14977794055033,83.89566333613593,33.46450962831602,71.68538153631697,43.05278654864067,66.57541747556535,19
Ignace N'Dri,OH Leuven,BEL-Pro League,33.618462382635464,78.74855454181,30.464829048071067,100.0,70.39959495732273,33.967139763131385,23
Jonatan Braut Brunes,OH Leuven,BEL-Pro League,36.07431793018526,42.99136770515538,66.5489427418988,37.93718945639127,69.3817754529078,66.87003967640044,23
Jón Dagur Þorsteinsson,OH Leuven,BEL-Pro League,24.145454008445753,53.402615993029116,73.54727907959477,87.97776951527398,88.42601544202923,39.77419141466509,25
Mathieu Maertens,OH Leuven,BEL-Pro League,29.140813024993626,35.84682901098167,62.10911322397092,46.664117393337406,62.82806541503974,63.270585021632186,29
Nachon Nsingi,OH Leuven,BEL-Pro League,21.5681545820349,74.54926226820827,53.51475718197231,75.16717791231473,74.47341442285715,58.01166584824639,23
Nathan Opoku,OH Leuven,BEL-Pro League,31.026695461496146,56.31545714649203,22.16002350713209,60.802477426667956,84.562769388133,66.20978780833335,22
Makhtar Gueye,RWD Molenbeek,BEL-Pro League,44.76543996760831,63.39611230347255,63.398808306879154,56.02561600279334,62.48766046800747,95.60104498250102,26
Mickaël Biron,RWD Molenbeek,BEL-Pro League,39.26685678328726,52.4438718405407,56.91924571000369,83.92980863947837,71.26614254293816,12.73509350903574,26
Pathé Mboup,RWD Molenbeek,BEL-Pro League,,,,,,,20
Fatih Kaya,Sint-Truiden,BEL-Pro League,26.26616019561355,55.841889404572434,44.88051710140975,52.138956616156506,67.34051282743252,66.73630985654569,24
Kahveh Zahiroleslam,Sint-Truiden,BEL-Pro League,30.852162465306925,62.79193666460417,38.42228770357579,56.57100792147559,51.345420322778025,71.29461238472295,21
Kamal Sowah,Standard Liège,BEL-Pro League,13.880938301162734,26.56060035078894,85.49339269059006,62.06007735959381,73.37590485089153,33.55969908182144,24
Wilfried Kanga,Standard Liège,BEL-Pro League,42.245505904953475,70.97506243788922,39.06055110138734,57.05849701666563,65.54140950438804,76.8546647243536,26
Dennis Eckert,Union SG,BEL-Pro League,57.60963867371372,65.61046937804656,59.757048226084855,61.85185528382261,78.72841662154313,63.56581026772358,27
Gustaf Nilsson,Union SG,BEL-Pro League,60.21229354631535,52.53967917056226,44.908553045621694,57.38012661873542,75.47822231243461,71.95976455751428,26
Mohamed El Amine Amoura,Union SG,BEL-Pro League,84.2118125112442,80.7183906844231,47.586266994016945,96.90924773673237,72.0605560744366,41.85670079262368,24
Erdon Daci,Westerlo,BEL-Pro League,44.15005267120689,66.37238473748481,67.66453561360855,55.62754426873766,62.22377163195455,64.61972728751799,25
Kyan Vaesen,Westerlo,BEL-Pro League,36.498223907688605,54.35985166948838,67.07655280121159,57.421860089507135,80.74527474710118,69.03395142413771,23
Lucas Stassin,Westerlo,BEL-Pro League,49.84107589750446,55.80333524043423,57.10231684390625,64.19144959315116,75.56778510544972,46.80492787011598,19
Matija Frigan,Westerlo,BEL-Pro League,,,,,,,21
Romeo Vermant,Westerlo,BEL-Pro League,50.639686316092195,31.343423428403135,22.36468586443432,25.6709016043713,63.79593264466985,76.04772933886582,20
Yusuke Matsuo,Westerlo,BEL-Pro League,6.754050682487622,64.49310123524378,75.29470160198795,77.72252633342482,79.67017691256275,35.94202518550135,26
Ademola Lookman,Atalanta,ITA-Serie A,46.47072434955011,56.07474446207596,71.06585139963968,83.40652092880066,89.38982841900692,40.05144733856106,26
Aleksei Miranchuk,Atalanta,ITA-Serie A,29.56479120022556,42.27829682799064,83.04473446995931,78.64482143067112,99.8328730435154,25.796440841159157,28
Charles De Ketelaere,Atalanta,ITA-Serie A,51.49903826692055,70.63639697799923,48.56699265758031,86.75309846853064,86.23073966058816,55.975999607532835,23
Gianluca Scamacca,Atalanta,ITA-Serie A,54.6129063597132,50.551979016227676,62.420178815625334,55.010617337822424,84.90646111499618,53.995234471326704,25
Joshua Zirkzee,Bologna,ITA-Serie A,23.756034352525717,37.43758198808154,58.1315184387592,65.98085503755304,73.82509355366145,48.66181264490295,22
Andrea Petagna,Cagliari,ITA-Serie A,22.395529898836735,58.1771391196304,59.62920802181131,50.793571574111695,88.7639739511828,68.73039620285033,28
Eldor Shomurodov,Cagliari,ITA-Serie A,50.87353307672201,61.34418133015506,43.967696849934626,64.61254105197982,74.07165299480599,66.4974898460013,28
Gaetano Oristanio,Cagliari,ITA-Serie A,23.606719673286214,76.73116722058569,42.37097935789766,82.35334985860557,80.16700562803453,55.20800397908479,21
Gianluca Gaetano,Cagliari,ITA-Serie A,35.84031492527062,61.50622651169934,68.57038726020421,76.53513129719934,88.58342085890395,40.041998742131845,24
Gianluca Lapadula,Cagliari,ITA-Serie A,59.84829530574112,43.770949708868514,47.08818316573357,36.29899664711883,76.21736965912575,65.93792050236331,34
Leonardo Pavoletti,Cagliari,ITA-Serie A,69.6845565135699,2.6186828493932213,61.84093434854259,0.0,70.08459812521394,88.60650153000303,35
Zito Luvumbo,Cagliari,ITA-Serie A,46.63685044097861,82.04055970189272,36.53137553208396,97.13641663232283,78.969213378261,27.18517774416499,22
Alberto Cerri,Empoli,ITA-Serie A,26.858615668828627,43.02887194080339,55.39487242866247,42.9299051489845,56.508049004606185,84.24317837455071,28
Francesco Caputo,Empoli,ITA-Serie A,23.931151898462918,33.45153624101684,59.308128254864734,32.80182481001776,73.02048050714698,56.322944003450424,36
M'Baye Niang,Empoli,ITA-Serie A,41.377420584167126,71.52263219831217,36.681638007847226,66.45089029651466,64.46050983732314,71.74835015034094,29
Andrea Belotti,Fiorentina,ITA-Serie A,32.54628112986658,58.938317022687734,50.35874824698233,39.059343754269236,55.88596626228197,75.42585379712946,30
Lucas Beltrán,Fiorentina,ITA-Serie A,35.071787941196924,29.726778889739403,35.88191628474428,39.41869510515224,80.09659088870346,58.67976591392385,23
M'Bala Nzola,Fiorentina,ITA-Serie A,28.31695959224324,63.82603558909379,26.140412944705794,51.8251924422106,73.97718540732147,74.49044122047255,27
Kaio Jorge,Frosinone,ITA-Serie A,47.971833468363656,39.07292030302166,49.31204421301816,44.21949734818471,61.99016057179274,51.78379219339675,22
Marvin Cuni,Frosinone,ITA-Serie A,36.7514801321111,58.71247366033974,19.167031888321766,51.560234777063116,63.792002131885994,67.68938343457373,22
Walid Cheddira,Frosinone,ITA-Serie A,37.43426581229872,66.62054909618213,46.781975166178256,57.099403301199224,52.25256412480434,68.21535465046466,26
Albert Guðmundsson,Genoa,ITA-Serie A,27.22810921990498,40.874542876472404,82.533358191464,81.33392743065609,89.17548514059874,10.656344221203454,26
Caleb Ekuban,Genoa,ITA-Serie A,40.401751850440384,58.84922699343914,26.56451431800923,56.330809082197,70.37254725172858,69.41041462854557,30
Mateo Retegui,Genoa,ITA-Serie A,29.896045089776123,45.19124340383628,42.104548074754156,38.604958521852495,42.568276279561,75.47032030597485,25
Federico Bonazzoli,Hellas Verona,ITA-Serie A,36.77930702330007,37.66205888913628,75.17780938511117,53.08286691586819,67.76900719983598,36.332095505643,26
Karol Świderski,Hellas Verona,ITA-Serie A,47.630339888762705,29.747511539439987,48.50851660680296,43.12982986268003,87.93365562098842,57.78745314977196,27
Milan Đurić,Hellas Verona,ITA-Serie A,34.963928994548596,17.81197406752461,65.8139534873035,13.242659534913667,76.35660646519652,95.18216226883186,33
Tijjani Noslin,Hellas Verona,ITA-Serie A,28.051963393052954,71.87985779377475,55.9299979888622,70.85329735022913,81.27540656001125,74.30461451002526,24
Alexis Sánchez,Inter,ITA-Serie A,26.137908832612016,39.94998335071765,67.84064693136881,64.65673979209612,91.84524721436756,36.537679116517,35
Lautaro Martínez,Inter,ITA-Serie A,58.13800760280628,41.94188535574788,61.2757609491394,61.61456201233584,72.31460634832622,53.28952379402055,26
Marcus Thuram,Inter,ITA-Serie A,54.08750083911761,69.6022220982222,51.449511830844244,65.85146621034818,72.03781661289244,68.84446082220333,26
Marko Arnautović,Inter,ITA-Serie A,55.77764481861014,21.37539544148168,52.65959862404166,43.85221930933166,89.31358410890793,25.701774494528216,35
Arkadiusz Milik,Juventus,ITA-Serie A,52.85763046181091,45.1231700245175,66.25598812404986,47.23724743356387,78.33504919690711,64.45029753847095,30
Dušan Vlahović,Juventus,ITA-Serie A,66.15915286063672,46.94895308409963,61.88872837147025,56.520161131850365,74.47032476521215,63.50570554089094,24
Federico Chiesa,Juventus,ITA-Serie A,35.242492449534424,55.00281194334937,64.09084499251091,95.3138408266382,91.24908194050195,2.923369376992124,26
Kenan Yıldız,Juventus,ITA-Serie A,21.135603679074666,71.35711756528508,68.37807195382685,86.99586361612116,84.5931039942902,52.516265023606024,19
Moise Kean,Juventus,ITA-Serie A,13.789001913404602,60.76544713333344,23.53288309310022,68.4731268407104,22.895535658298076,49.306862886365444,24
Ciro Immobile,Lazio,ITA-Serie A,41.08618930888685,28.578993914894884,45.15852243418012,46.885436112043315,64.33439511688577,43.88158585444736,34
Valentín Castellanos,Lazio,ITA-Serie A,41.500112796340474,40.1138222488145,53.16354972689117,43.113486669211895,71.23212952267598,77.39656351039935,25
Nikola Krstović,Lecce,ITA-Serie A,45.5966082281808,50.64662245073627,56.934325966763524,59.546687031485526,82.51566359969067,75.41050637440925,24
Roberto Piccoli,Lecce,ITA-Serie A,49.920156670530794,68.33006323412047,36.33489495235448,64.3345401585089,56.68476208871815,80.3381990812055,23
Luka Jović,Milan,ITA-Serie A,52.666327078423336,36.7226835023881,59.39114336678212,34.481375800123296,77.80272969246379,57.65581653823778,26
Olivier Giroud,Milan,ITA-Serie A,38.646145568924595,9.39632898427132,53.67196712715477,11.839979896500848,76.54373817249477,72.2109190306083,37
Lorenzo Colombo,Monza,ITA-Serie A,30.227587786553105,51.99406873178521,43.273154912771474,50.98349302040697,53.964956943506856,64.22340428833724,22
Milan Đurić,Monza,ITA-Serie A,13.532012650934247,8.102181635687684,63.017623628903365,0.0,40.05524859548308,89.25243638350823,33
Giacomo Raspadori,Napoli,ITA-Serie A,26.887642040654146,28.094533557580142,79.49975754440607,55.27655566640794,82.41943549922009,27.044600070385634,24
Giovanni Simeone,Napoli,ITA-Serie A,42.433009655571496,50.641466823730156,49.59907236354784,47.49083424545306,71.85252706310605,61.11688711000052,28
Victor Osimhen,Napoli,ITA-Serie A,70.22290940871923,62.550790487071914,26.955602164524972,56.01680759679893,59.62402143186662,63.835579537145804,25
Andrea Belotti,Roma,ITA-Serie A,47.62534918997033,69.78424125931696,44.7862551663199,65.11007219476329,71.35985094720705,59.569801036624334,30
Paulo Dybala,Roma,ITA-Serie A,27.286567621364462,45.25587057836364,76.15897668805202,85.96946209554866,84.47490156762768,22.301445532747348,30
Romelu Lukaku,Roma,ITA-Serie A,43.815983093166786,46.87874144456228,55.41028932819177,50.78371858925145,68.87706012874402,66.92871701532998,31
Sardar Azmoun,Roma,ITA-Serie A,52.45032823813469,32.793780672697274,58.43463906652339,46.34692583595753,69.34001371304397,56.47008303495179,29
Boulaye Dia,Salernitana,ITA-Serie A,25.33407141341589,66.90116969218192,65.47649721306847,70.51739691526248,68.39929134436882,43.89795638261067,27
Chukwubuikem Ikwuemesi,Salernitana,ITA-Serie A,29.561103847983194,67.35130940236101,24.55466332828046,57.59302864287413,59.043442573276096,76.43905693056071,22
Loum Tchaouna,Salernitana,ITA-Serie A,20.475182667328728,70.96001305517004,73.90578444992279,83.113120465692,67.83091828277978,57.45900573656212,20
Simeon Nwankwo,Salernitana,ITA-Serie A,36.337541371266745,51.80808655935672,24.54964664170326,34.254318504836846,57.96147225425485,76.51533919569523,32
Andrea Pinamonti,Sassuolo,ITA-Serie A,35.15760152192019,31.720745656732408,52.36973625154003,32.27817297224083,61.98189029456655,82.53269345268367,25
Antonio Sanabria,Torino,ITA-Serie A,22.993306094939232,44.37678275009396,70.25855670510185,43.070723285055024,58.973636800018056,74.90282737917785,28
Duván Zapata,Torino,ITA-Serie A,52.26121917113814,76.04642581414656,44.64372962061082,74.42101233498435,60.631738976761554,82.51481225719782,33
Pietro Pellegri,Torino,ITA-Serie A,9.762493746053607,72.56024225501388,27.084051562847065,61.059415585159925,11.755621528628089,71.2192105281515,23
Florian Thauvin,Udinese,ITA-Serie A,35.32139809738252,72.41057057642351,72.47386012684973,97.91707116732606,97.90709028946148,40.381369225127756,31
Isaac Success,Udinese,ITA-Serie A,25.59325777552714,72.79766674709433,49.036710282827606,72.32623773832113,75.8881169925439,69.98200595375548,28
Lorenzo Lucca,Udinese,ITA-Serie A,36.40290071162205,36.64781240459124,41.653046522971174,34.81529597650334,57.8189386609874,85.60246377955619,23
Roberto Pereyra,Udinese,ITA-Serie A,19.57555149780663,33.107360381274795,78.60785797889088,71.29601253267529,89.06748017035639,18.379073463073738,33
Dion Drena Beljo,Augsburg,GER-Bundesliga,60.23946452279058,79.77924664196657,56.936939409999546,81.3278441940956,79.30267493390568,61.48602278012133,22
Ermedin Demirović,Augsburg,GER-Bundesliga,52.55902102719274,49.79542732744029,41.222803136555726,50.52606059274986,77.53600089494218,70.76281802374962,26
Phillip Tietz,Augsburg,GER-Bundesliga,46.11982772234142,48.553259909432086,45.41667884448202,42.48161902192295,81.03195231270787,86.96784210468496,26
Sven Michel,Augsburg,GER-Bundesliga,47.98751038509359,50.09456074710711,41.68675213855656,54.28298884674806,83.05323039739415,65.11735599591498,33
Harry Kane,Bayern Munich,GER-Bundesliga,63.96140437052347,35.037451132537,63.095542159037436,46.60552701685817,75.32521673733487,51.33163245128224,30
Gonçalo Paciência,Bochum,GER-Bundesliga,54.26587477939332,56.421578423415454,64.39086296490338,60.75026473292969,72.36108714524234,66.32620485293494,29
Moritz Broschinski,Bochum,GER-Bundesliga,28.157154129934607,78.25523908618597,16.376340269126757,58.09530569380933,72.38286540123092,76.71572001392443,23
Philipp Hofmann,Bochum,GER-Bundesliga,38.8640271600533,34.3742141525,54.41779054563477,18.898422269837592,77.03175412847196,92.0825955827136,31
Takuma Asano,Bochum,GER-Bundesliga,40.937038961827,86.83988058384455,54.758118446948835,75.62708229812955,68.82226739659126,52.33298159514743,29
Aaron Seydel,Darmstadt 98,GER-Bundesliga,30.730703098384215,44.05383586928869,42.19086721805065,41.043581333064786,70.17206884979281,80.46927871185451,28
Luca Pfeiffer,Darmstadt 98,GER-Bundesliga,17.611687577656777,50.49921054381624,78.44673010902417,44.24951842371962,74.98803890442746,76.52332557474229,27
Mathias Honsak,Darmstadt 98,GER-Bundesliga,16.298480085619808,56.07336181721448,47.20579961521124,68.814658197504,65.90347770178052,50.89144606107789,27
Oscar Vilhelmsson,Darmstadt 98,GER-Bundesliga,21.520489606682734,68.7087751516579,38.161846764665064,48.96757079456602,63.27753481612829,81.10622793823816,20
Sebastian Polter,Darmstadt 98,GER-Bundesliga,28.203908339922855,48.290366931975164,51.10791452912354,30.674804383194363,66.47530961950575,70.25447228518725,33
Tim Skarke,Darmstadt 98,GER-Bundesliga,18.183630769641972,56.20907741308409,88.86799027207556,73.36990665496519,77.87901222609321,40.6948841996227,27
Niclas Füllkrug,Dortmund,GER-Bundesliga,34.425086902771326,34.00569525392041,56.609104376960836,32.832969408965376,82.08623395512889,77.02545744661742,31
Youssoufa Moukoko,Dortmund,GER-Bundesliga,60.10389858260087,59.677949640945386,48.8354043069411,68.35724849866055,72.4076908460948,41.87362431933111,19
Hugo Ekitike,Eint Frankfurt,GER-Bundesliga,54.18283029680698,65.87693615298288,51.042245648404574,70.9824878868712,76.00070044477157,56.336526978555746,21
Omar Marmoush,Eint Frankfurt,GER-Bundesliga,46.36549430672113,76.38694039837056,47.244484689379185,83.75080791573117,77.62638707650262,51.14079080640472,25
Lucas Höler,Freiburg,GER-Bundesliga,42.38591911794686,44.17174238867414,49.34834013040185,40.85922357795852,76.64828385415598,77.84880393883437,29
Michael Gregoritsch,Freiburg,GER-Bundesliga,51.06455238725655,38.44883778821118,68.68815535204426,39.677874035527275,69.18720091539856,84.47094752799651,30
Roland Sallai,Freiburg,GER-Bundesliga,25.976310475626985,63.595934807502715,73.75777282220265,74.99255159955123,88.5200753612927,58.53688286309626,26
Tim Kleindienst,Heidenheim,GER-Bundesliga,40.736154000405755,51.613796121838874,55.53157366032633,58.583051496657475,64.8135420570821,88.55372029637276,28
Ihlas Bebou,Hoffenheim,GER-Bundesliga,37.367766411179865,60.76223503046576,52.23809656768255,76.11660741026185,69.54794405182766,59.32110811550911,30
Maximilian Beier,Hoffenheim,GER-Bundesliga,56.11804778180751,60.483401173887415,45.9558242905174,72.85888086858016,71.28160855553982,49.12912063925929,21
Wout Weghorst,Hoffenheim,GER-Bundesliga,41.416041941279175,32.73092017675848,48.51635323929048,34.99046194027651,89.3220207516732,75.81227401660227,31
Davie Selke,Köln,GER-Bundesliga,48.337750508382136,48.25544211907123,57.72731312310428,30.68263975798014,62.46011380545197,87.67721271729462,29
Jan Thielmann,Köln,GER-Bundesliga,3.017557694887267,60.910441538877556,88.94338894851099,74.82375945338443,69.18326538833813,50.324415891341175,21
Sargis Adamyan,Köln,GER-Bundesliga,48.16203714614659,59.57021367293732,55.07374884376838,61.63064780930825,84.67550469880985,61.14796510161281,30
Steffen Tigges,Köln,GER-Bundesliga,46.96970480919591,54.94069649211036,68.09757458149586,44.82807289794623,84.49394350796995,79.46518505831035,25
Patrik Schick,Leverkusen,GER-Bundesliga,56.01517475375327,28.87777193119986,39.30169912806545,29.342416839858824,62.35898010992253,59.03862522039029,28
Victor Boniface,Leverkusen,GER-Bundesliga,62.28026407865626,59.08426334555671,42.14383476955704,74.42798383712096,70.31848383775827,51.26553162322692,23
Jonathan Burkardt,Mainz 05,GER-Bundesliga,44.468525008003944,81.82935710026784,55.38407612613897,73.57858064348243,63.825143074502236,56.511353877959955,23
Karim Onisiwo,Mainz 05,GER-Bundesliga,21.579869900389713,74.0674476241277,38.706786358953316,63.79909177239078,70.80570717721807,68.80310453592729,32
Ludovic Ajorque,Mainz 05,GER-Bundesliga,38.37155028472185,24.886849415085628,50.04297419894973,20.113929470646987,74.74055298100389,85.53978004897395,30
Benjamin Šeško,RB Leipzig,GER-Bundesliga,59.76622621768315,45.369288996968,46.25563113648084,52.34049803242351,63.80713524077648,65.00926437374804,20
Loïs Openda,RB Leipzig,GER-Bundesliga,77.93817289235827,59.2857372814867,45.355791785084314,67.82267364826725,77.03570127380375,47.408801292807674,24
Yussuf Poulsen,RB Leipzig,GER-Bundesliga,40.77306229916688,34.96213662454003,53.98537527765151,41.593972779369594,79.24017863058373,59.421339653912085,29
Deniz Undav,Stuttgart,GER-Bundesliga,51.43829122677881,38.19740711853101,80.1707811706336,61.19579444448562,89.41282469586336,41.95079537692262,27
Serhou Guirassy,Stuttgart,GER-Bundesliga,65.76977012039366,41.68039647850311,67.8297726179342,47.734320802560084,92.17063527653833,68.76424878477927,28
Benedict Hollerbach,Union Berlin,GER-Bundesliga,44.0094430329536,83.40344319230553,42.096870038218476,89.38876814021557,72.38015433968393,54.45523357957794,23
David Datro Fofana,Union Berlin,GER-Bundesliga,44.96359141622943,80.31826901359366,31.303340745633708,87.5345252213022,56.644409276541595,48.43113587910259,21
Kevin Behrens,Union Berlin,GER-Bundesliga,46.184343470507976,54.61924487838207,60.70386228833905,39.739862340450536,74.55070743414541,89.3677026023579,33
Kevin Volland,Union Berlin,GER-Bundesliga,17.73179817283833,36.29451752776548,72.20500271602826,44.99473532286335,86.53420895614508,59.85170953879011,31
Mikkel Kaufmann,Union Berlin,GER-Bundesliga,39.40423279776174,55.561173675094075,43.33031419675491,46.94972620187106,63.55424111525385,75.42847354547037,23
Sheraldo Becker,Union Berlin,GER-Bundesliga,15.566008580658048,63.48850796244303,77.24708713788782,86.61313715071243,86.73538415498831,0.0,29
Yorbe Vertessen,Union Berlin,GER-Bundesliga,53.162548496108464,58.096515318226864,48.87451349850693,71.41767536354102,78.03065037510154,39.451486395662606,23
Justin Njinmah,Werder Bremen,GER-Bundesliga,55.16813344815558,76.07296656254294,40.595469750107654,89.77512527632156,81.76798581012389,40.545001696482714,23
Marvin Ducksch,Werder Bremen,GER-Bundesliga,24.10267728361518,7.675694121100013,83.75573326097351,35.09082722787242,87.1453228459401,48.25697048490207,30
Nick Woltemade,Werder Bremen,GER-Bundesliga,25.846675632376026,58.2816253902963,47.65584718634337,69.55670666440075,91.38802595263651,62.65067819190111,22
Rafael Borré,Werder Bremen,GER-Bundesliga,36.66154577528415,58.941045236514114,58.70069148806218,60.427656238262095,80.89655772597101,64.75266668841087,28
Jonas Wind,Wolfsburg,GER-Bundesliga,30.567143546368147,36.19231045900659,72.6239911069874,34.11239176963148,86.48152933761656,80.43752948136493,25
Kevin Behrens,Wolfsburg,GER-Bundesliga,34.240362349121995,44.57749670292371,41.6646280212122,40.46015678194145,79.67617639170288,73.94968593256431,33
Martin Satriano,Brest,FRA-Ligue 1,29.57426034040886,54.4230102282359,54.722935502219606,56.92783491392299,74.17048837473466,73.8158854888503,22
Steve Mounié,Brest,FRA-Ligue 1,49.12651622538082,62.59427220857013,54.52353890654701,47.429156927447174,62.71412191109514,92.15790886825911,28
Alan Virginius,Clermont Foot,FRA-Ligue 1,13.524376680223046,59.54994814472592,38.277136379115206,72.83950421302106,79.60707210296857,34.562401979616695,20
Grejohn Kyei,Clermont Foot,FRA-Ligue 1,33.75406055074043,47.437782859114094,53.57839764774537,55.19325299018073,74.36615824755047,66.30571515067167,27
Shamar Nicholson,Clermont Foot,FRA-Ligue 1,30.244485502315648,56.543372186444586,64.32757446082925,56.3058164821822,73.60413304234604,75.68890228595396,26
André Ayew,Le Havre,FRA-Ligue 1,40.15393980262032,68.03618315896362,68.03358990296063,58.75822882901562,61.6299184602237,79.29501781491584,33
Mohamed Lamine Bayo,Le Havre,FRA-Ligue 1,43.008817484964894,55.31295823583056,52.103621020149745,63.00975453736019,65.51487418851224,69.89872892689101,25
Nabil Alioui,Le Havre,FRA-Ligue 1,29.571517006402214,44.157993557419914,83.35823669902382,76.44700165642166,92.75007499108486,40.07781863031111,24
Samuel Grandsir,Le Havre,FRA-Ligue 1,33.3470210305608,43.74353994465156,72.89382680452796,89.60970594936744,88.26333431486256,3.905935124266133,26
Elye Wahi,Lens,FRA-Ligue 1,63.351565557892364,69.34814083612405,43.30381460215257,74.48708915575499,59.67955541446515,46.3700039000327,20
Morgan Guilavogui,Lens,FRA-Ligue 1,46.11835645130968,56.59030832519101,59.37784427295355,66.74197821578403,90.98884970881244,52.190300854285596,25
Wesley Saïd,Lens,FRA-Ligue 1,69.074844209105,51.85059726921267,66.90872438677934,63.831332987002575,77.59143402271917,43.626253089914435,28
Jonathan David,Lille,FRA-Ligue 1,48.16990572148177,54.52046742798748,69.50508365845444,59.558554470094116,77.40911001218679,55.460318337990024,23
Yusuf Yazıcı,Lille,FRA-Ligue 1,35.89243642021116,37.252821812570154,78.4612092766543,67.14507274751973,77.87491215547978,25.726173792124214,26
Bamba Dieng,Lorient,FRA-Ligue 1,70.77576592836834,48.39674415702745,45.456066794690884,44.1090738187553,81.57880645169485,66.70529551579159,23
Eli Junior Kroupi,Lorient,FRA-Ligue 1,47.8795373092334,32.49471746127731,57.562769179145775,51.239873368444165,68.02074202999616,44.580346593822114,17
Alexandre Lacazette,Lyon,FRA-Ligue 1,57.97906717197539,31.403888131867326,57.32487002284049,47.12001743311628,69.45087582779888,56.30215089846738,32
Gift Orban,Lyon,FRA-Ligue 1,39.833329524337174,56.0674128192601,29.8980006779831,62.61762861078826,43.50232583366995,39.73601001050446,21
Mama Samba Baldé,Lyon,FRA-Ligue 1,65.8048787103234,80.50979021741486,32.486578516882446,88.50279157391674,85.0137894998231,51.053816653005654,27
Faris Pemi Moumbagna,Marseille,FRA-Ligue 1,61.00976414218089,40.18876563006706,42.08835078568973,45.42384219710473,64.37794183606908,51.34971932834935,23
Iliman Ndiaye,Marseille,FRA-Ligue 1,24.504352149720372,45.00826023806392,58.53411546746287,79.1186494415711,77.4004913005761,25.569712773540637,23
Pierre-Emerick Aubameyang,Marseille,FRA-Ligue 1,55.848802430371656,55.46841370169467,68.26738554160268,66.82101531561578,73.48751039977367,52.231605362206935,34
Vitinha,Marseille,FRA-Ligue 1,57.920145415856,56.11450481423974,42.7852086356386,65.73053739121659,87.16632053471575,50.92286766057429,23
Didier Lamkel Zé,Metz,FRA-Ligue 1,34.69468784438265,72.35449692234593,82.09305391948301,88.74652688291648,72.75735345201365,60.29340920958942,26
Georges Mikautadze,Metz,FRA-Ligue 1,52.78410666652144,73.69991631816289,67.22844660332379,91.1449283240244,73.27649933087628,53.8227038856534,22
Simon Elisor,Metz,FRA-Ligue 1,37.13744032227532,69.44180723890226,33.42540562611595,58.7295168045203,72.66345754250216,80.94160011204364,24
Folarin Balogun,Monaco,FRA-Ligue 1,62.93757823946462,55.02425022032854,33.549940916509414,64.91026777445572,76.6042683783122,39.588362257589566,22
Wissam Ben Yedder,Monaco,FRA-Ligue 1,60.479954770537184,44.03197439994659,64.36702429533896,64.28285043948232,85.71935414209842,41.61009047185284,32
Akor Adams,Montpellier,FRA-Ligue 1,54.077947321416374,71.2017252195563,52.125331015605894,65.26848622233214,60.84109363256761,75.28691878674148,23
Tanguy Coulibaly,Montpellier,FRA-Ligue 1,43.81789092918309,74.38093644264713,46.572206633002935,95.84686873391257,75.69747459248697,41.85693640524943,22
Bénie Adama Traore,Nantes,FRA-Ligue 1,31.063745662260526,74.44100703317064,45.902372567002864,93.8394086906578,87.44060272911479,19.56304879869864,20
Matthis Abline,Nantes,FRA-Ligue 1,55.14761157540071,73.02966809327904,53.01070515572497,82.0527051613367,80.95380943653147,55.066129904285944,20
Mostafa Mohamed,Nantes,FRA-Ligue 1,35.91520458279811,61.24157850393372,39.426439681318804,53.176928631088074,71.06398164537744,80.11132324011997,25
Tino Kadewere,Nantes,FRA-Ligue 1,38.17359811677649,61.84195193729487,38.96032329496437,63.57873795047212,85.96637280789085,68.31977247401319,27
Evann Guessand,Nice,FRA-Ligue 1,44.892997559922385,65.46802768527522,24.010349698268012,74.3021103686632,64.61751314452216,56.014811058713136,22
Terem Moffi,Nice,FRA-Ligue 1,37.731836710934694,49.547428713016245,54.79424811549893,55.564486218442966,71.28076965632724,57.197400322681204,24
Gonçalo Ramos,Paris S-G,FRA-Ligue 1,49.65286954033557,21.09909055781437,53.41954575736993,35.160048092403684,62.764345826270564,56.35047621196965,22
Kylian Mbappé,Paris S-G,FRA-Ligue 1,61.63721504407514,46.27872570623957,71.25246765947017,89.2323223875688,76.21005267498234,4.094259546104265,24
Randal Kolo Muani,Paris S-G,FRA-Ligue 1,52.16397574561805,53.90876614426002,32.66408387742505,70.5855026455503,80.10255625582566,42.29371031790285,24
Mohammed Daramy,Reims,FRA-Ligue 1,30.145042530483767,58.845240928026755,53.75110677338376,94.55394961381506,80.87681291310848,21.16032770826642,21
Oumar Diakité,Reims,FRA-Ligue 1,45.607136913370525,67.0801352594146,24.291245552310308,69.24076530951398,67.40874115378251,63.27798717462425,19
Reda Khadra,Reims,FRA-Ligue 1,4.776442860407619,40.8646165034292,56.34984007392282,80.5518584401445,83.63541919806705,0.1353880343225251,22
Amine Gouiri,Rennes,FRA-Ligue 1,38.232220494958554,43.79922773738562,72.80305782024986,81.25503545762342,71.4019617265931,37.751534737597474,23
Arnaud Kalimuendo,Rennes,FRA-Ligue 1,36.56717977145043,49.63032785967278,59.676483760298716,54.79996213592601,79.4462978376423,41.852467416805375,21
Bertuğ Yıldırım,Rennes,FRA-Ligue 1,17.368472021475892,75.688208468453,56.26087543388733,61.35473342025303,59.26321621162728,72.88058295537925,21
Martin Terrier,Rennes,FRA-Ligue 1,44.262628380519736,51.55821635419899,61.6395908228927,66.55645405700396,75.8047384282438,61.24436023409273,26
Dion Moise Sahi,Strasbourg,FRA-Ligue 1,52.205410078812896,43.700948168146915,72.98164162266055,70.77088030888126,76.37950583906742,35.27940975015903,21
Emanuel Emegha,Strasbourg,FRA-Ligue 1,45.49631467179799,60.5510366742885,36.58547125545377,52.66807766725611,40.2013532188411,71.56972149907304,20
Kévin Gameiro,Strasbourg,FRA-Ligue 1,15.754539370908347,34.86023896775485,78.27190808486488,65.76954924844128,93.10442123816077,25.04311564693661,36
Lebo Mothiba,Strasbourg,FRA-Ligue 1,80.68844666124282,70.13802865060511,43.51910140788032,55.176295280809605,62.39693129234277,71.50317468588223,27
Denis Genreau,Toulouse,FRA-Ligue 1,55.65492373030742,27.220707312432822,70.49311560363111,57.675344293277085,79.36438203176118,36.6202363336366,24
Frank Magri,Toulouse,FRA-Ligue 1,27.604940730488632,73.47547551274268,56.9641224298963,67.5489101797365,66.0180216132621,68.6882211307188,23
Thijs Dallinga,Toulouse,FRA-Ligue 1,46.375744898279756,52.8929241484157,68.99698363784874,52.453895847905464,61.01955497406737,69.8140304784008,22
Vangelis Pavlidis,AZ Alkmaar,NED-Eredivisie,76.6342615557671,52.59462727105826,49.196489051832586,69.91451861838956,77.45579083477207,66.62639284126408,25
Brian Brobbey,Ajax,NED-Eredivisie,85.8476634498531,62.72178654053856,38.393517410985886,62.25046719861149,86.264469828045,68.32440224827944,22
Chuba Akpom,Ajax,NED-Eredivisie,76.0049647520462,71.72530680865276,48.27646250352565,59.40841482494182,81.00649053616313,72.25871667111164,28
Kornelius Hansen,Almere City,NED-Eredivisie,44.22857879941476,89.36838320113613,35.6795995211866,85.05799645565706,70.64904712887018,58.27918621647837,23
Rajiv van La Parra,Almere City,NED-Eredivisie,30.3944163465465,90.02640867658154,20.7843357145851,87.55260950235282,62.39963916199605,69.05167323724946,32
Thomas Robinet,Almere City,NED-Eredivisie,37.125768080854606,45.02907438003499,54.64530161756718,36.61090233007808,61.87633892881611,89.48668674056489,27
Yann Kitala,Almere City,NED-Eredivisie,55.18764645861241,84.42524488684239,33.8169062221902,71.32049939896247,54.70293467619863,76.53496207186086,26
Lance Duijvestijn,Excelsior,NED-Eredivisie,31.990434763609226,38.872816561759834,79.4468064841465,60.46668355357655,95.60116724049763,47.53676715355313,25
Nikolas Agrafiotis,Excelsior,NED-Eredivisie,62.508295331807965,42.26713273340344,45.44121099451978,45.34446325299781,79.87464525858644,76.67278422323332,24
Richie Omorowa,Excelsior,NED-Eredivisie,44.763500868146906,12.633481083555745,46.62933437061215,16.86731744208001,51.301385971666356,69.55245728016767,20
Troy Parrott,Excelsior,NED-Eredivisie,64.1087683909917,74.52745279114129,53.27001153273171,73.08077858878265,78.35793026410792,67.53005952145294,22
Ayase Ueda,Feyenoord,NED-Eredivisie,85.82119168362028,43.786911150294024,37.14857324182813,41.913345038956145,77.96225012926928,65.34810173646633,25
Santiago Giménez,Feyenoord,NED-Eredivisie,87.51379755231304,61.46212601975082,24.87714771205349,66.05543737885253,70.29424699423352,59.565705867591866,23
Kaj Sierhuis,Fortuna Sittard,NED-Eredivisie,58.335421888564994,71.25173491361218,61.31910320697499,69.30488211465699,84.51180530949661,83.55952005985465,26
Kristoffer Peterson,Fortuna Sittard,NED-Eredivisie,24.715174359168472,55.2049252736141,69.92444084372443,82.20713741472318,91.81225735794152,27.33244955507623,29
Sylla Sow,Go Ahead Eag,NED-Eredivisie,74.04871166407675,64.63904148116916,32.24074031486305,71.13577786851155,72.84281583777796,45.619778541181354,27
Thibo Baeten,Go Ahead Eag,NED-Eredivisie,13.767864982620956,66.18688091076886,31.65873575423554,70.33900744196954,78.63498771932052,61.655380552857096,21
Victor Edvardsen,Go Ahead Eag,NED-Eredivisie,43.19823296379114,58.64135326624228,61.501337696108784,53.961446327059015,76.67807025246107,60.00755046016935,28
Ion Nicolaescu,Heerenveen,NED-Eredivisie,67.34801579397195,57.05375325095624,37.24649145341509,54.406620085131216,31.303646797834517,66.57218545339839,25
Pelle van Amersfoort,Heerenveen,NED-Eredivisie,51.871705629757884,44.611676807039565,59.95552232119569,36.65142617026994,67.70289164730687,86.63820426321452,28
Jizz Hornkamp,Heracles Almelo,NED-Eredivisie,48.11972403031681,36.35035392048177,60.61596625698545,36.46845723414078,85.06963212826561,81.62608960955528,26
Mario Engels,Heracles Almelo,NED-Eredivisie,33.96144315898491,50.0795339657779,44.911282533367576,66.66046003948051,77.50138448810206,35.27232104656955,30
Mohamed Sankoh,Heracles Almelo,NED-Eredivisie,70.20149152114826,53.517692157138875,36.22601494751919,50.84421628737006,55.04414474509552,72.16681979504658,20
Bas Dost,NEC Nijmegen,NED-Eredivisie,68.78888660114461,1.6695367194197719,59.71653243907065,5.52420641538325,77.59873598055616,86.52673324677644,34
Koki Ogawa,NEC Nijmegen,NED-Eredivisie,27.841023160831735,33.14557815641571,33.03054600048043,19.298251631164938,47.77363569756443,83.40702914034269,26
Sylla Sow,NEC Nijmegen,NED-Eredivisie,53.046598153529445,69.75505317833942,29.73758458392143,65.19427244071522,69.81886210011263,54.48699224384386,27
Luuk de Jong,PSV Eindhoven,NED-Eredivisie,74.69481977971978,4.887537321591216,53.89637851687391,10.52010537820084,90.84249605751131,80.19479616512345,33
Ricardo Pepi,PSV Eindhoven,NED-Eredivisie,100.0,25.076792244413564,47.44237052094836,48.11770195623645,80.28303624006709,42.38851601520995,21
David Min,RKC Waalwijk,NED-Eredivisie,49.98487295122649,62.87545237355887,42.51127238637888,64.82153158167378,69.96181773003694,65.28899617190159,24
Michiel Kramer,RKC Waalwijk,NED-Eredivisie,35.07331179114824,19.786378757271812,54.60473786650508,16.61102814246666,71.91344464714933,83.84985700616106,35
Charles-Andréas Brym,Sparta R'dam,NED-Eredivisie,29.95563011585193,76.12470999425496,56.51483406413528,79.02070462268951,78.85916110742211,59.33574643488298,25
Tobias Lauritsen,Sparta R'dam,NED-Eredivisie,49.09975944303341,29.41970707400082,59.263304674203845,33.94749847281883,81.894069950032,97.86330086364036,26
Manfred Ugalde,Twente,NED-Eredivisie,60.72018386550795,52.605417724781,47.53499593603247,58.54013649361845,82.91662135270134,65.16622823812881,21
Ricky van Wolfswinkel,Twente,NED-Eredivisie,64.20221973959423,36.075425013798096,49.89914078352662,40.56294367717882,82.39139333827349,69.24446713951315,35
Isac Lidberg,Utrecht,NED-Eredivisie,52.94101822226365,64.7038524969965,38.17436023333213,45.73836803508552,54.61637350487175,72.86322459733303,25
Mats Seuntjens,Utrecht,NED-Eredivisie,28.28348571190566,54.473253967039824,74.87700474049355,70.45426134914167,88.17845499719729,43.525839328905576,32
Sam Lammers,Utrecht,NED-Eredivisie,56.735569414249355,38.46351176297826,50.18066477875958,47.42599743955944,76.96426001607638,68.70891936776906,27
Mexx Meerdink,Vitesse,NED-Eredivisie,27.063443077282145,44.6240841330588,64.97448796635486,50.538888847314134,78.39214644099181,70.66837629061864,20
Saïd Hamulic,Vitesse,NED-Eredivisie,2.562526874635655,66.38389942880119,36.735678348182034,57.78716200626518,42.52182682263095,61.09271056965968,23
Thomas Buitink,Vitesse,NED-Eredivisie,32.50901900043387,47.03969366339848,13.71946921315972,52.610711787488384,72.39646328705076,26.256451041977414,23
Lequincio Zeefuik,Volendam,NED-Eredivisie,36.91685747019608,63.52021663063868,36.386361236956446,63.31683004132776,53.28434416836004,77.69364049791261,19
Robert Mühren,Volendam,NED-Eredivisie,64.06185663242654,26.47022270129446,51.089085423588024,26.017947773015965,66.79492596616164,67.91520686168026,35
Vivaldo Semedo,Volendam,NED-Eredivisie,42.93149992067858,46.540843688451275,57.80731315185288,41.60683241402563,56.09292220807804,74.84530267207792,19
Apostolos Vellios,Zwolle,NED-Eredivisie,48.32562578092012,25.630899310372467,57.5109119866667,22.11091453403634,67.4834754033373,89.33442854988736,32
Ferdy Druijf,Zwolle,NED-Eredivisie,34.12036294411324,28.18834552632938,62.11163604736919,31.370426744584474,78.79798897324602,77.19875332197705,26
Lennart Thy,Zwolle,NED-Eredivisie,41.33832422025532,23.777596926702657,70.97454050760778,34.26407959774495,64.29339674398629,70.53425304987975,32
Jay Stansfield,Birmingham City,ENG-Championship,46.557383012449506,73.27607188931064,36.44391080878178,76.93211034344375,71.40500714898538,40.580673042653615,21
Lukas Jutkiewicz,Birmingham City,ENG-Championship,42.018405528721004,40.67548547554416,65.42070340409857,35.43287755614604,61.71676268924152,88.67204489402812,35
Scott Hogan,Birmingham City,ENG-Championship,26.46379813705951,54.01256837911017,53.49549762822986,41.07041436040381,74.3224825221864,65.81363531354928,32
Harry Leonard,Blackburn,ENG-Championship,37.19351041255355,47.69251490796562,59.4613868210784,46.95658604179516,76.78533791130813,54.49216341496788,20
Sam Gallagher,Blackburn,ENG-Championship,8.817909554429821,61.152462020207295,33.57339801225406,43.04901068938353,62.73486458616988,83.0128247917302,28
Harry Cornick,Bristol City,ENG-Championship,23.37424051695429,80.22969416286521,33.72451185665789,67.37317179408126,73.35512241259633,70.00448358359364,29
Nahki Wells,Bristol City,ENG-Championship,39.84888186838709,63.294549561505086,48.63396075299936,55.07979961341072,82.234828422905,61.256585282079314,33
Tommy Conway,Bristol City,ENG-Championship,21.461719042980878,59.36753922914749,45.00933158253398,49.43360086029006,70.76279566049475,47.378793917884984,21
Famara Diedhiou,Cardiff City,ENG-Championship,32.67671456170642,39.80718591874909,44.04680562190581,21.70686075099517,23.58149771076575,78.62428421303807,31
Ike Ugbo,Cardiff City,ENG-Championship,51.004304486430286,27.14586529349468,37.62590275080174,31.834615278536976,67.46764393291087,71.41386104947739,25
Kion Etete,Cardiff City,ENG-Championship,23.952465991188625,57.573126969263186,23.70047217822896,47.59278381026214,53.58949089496399,73.87494808042881,22
Yakou Méïte,Cardiff City,ENG-Championship,9.680836995327233,95.0315408859193,42.776478468720455,63.43816733691965,57.78100371773963,94.49482549911326,28
Ellis Simms,Coventry City,ENG-Championship,40.447542997944836,79.71259593344591,42.586952705900735,61.406879313150654,57.24837770579847,69.9835828037537,23
Haji Wright,Coventry City,ENG-Championship,53.14134382450574,93.6956893211735,47.359155050590125,83.93252610516825,63.9657030951922,66.0579776363307,26
Matthew Godden,Coventry City,ENG-Championship,33.58288050929682,33.98442586088363,49.96882417500215,14.91738625949549,64.18515459954286,68.92603753794985,32
Brahima Diarra,Huddersfield,ENG-Championship,14.071953368067463,82.82774349397036,33.675698139179474,92.23392470623416,69.24430867998885,48.525661106489856,20
Danny Ward,Huddersfield,ENG-Championship,45.335535137897764,44.147549957987465,49.39458270121261,28.34119238079589,52.62518566744028,77.33366606589935,32
Delano Burgzorg,Huddersfield,ENG-Championship,41.05079026721614,67.19734981473775,32.50468018067501,77.61181773467709,72.99124857656177,43.271134494370365,25
Josh Koroma,Huddersfield,ENG-Championship,32.44860956969206,68.82780278849259,78.47374577584651,74.5594790469776,77.75397584454508,56.36305492492556,25
Kian Harratt,Huddersfield,ENG-Championship,44.75658153906977,58.19121360619249,59.45317059594348,45.39197259799101,73.36165837566061,75.11584916568165,21
Rhys Healey,Huddersfield,ENG-Championship,66.16662813053854,57.73008527894326,55.08781187380701,60.573395342409256,55.774940876107195,65.76049042165164,29
Aaron Connolly,Hull City,ENG-Championship,48.559088160355174,60.403384241570365,39.48548228382973,51.98251905367209,56.577578983986264,48.94335946546297,24
Fabio Carvalho,Hull City,ENG-Championship,31.905292760575254,39.122898896548435,64.89924180950187,63.87029395044451,84.31894148315844,30.701269212549537,21
Liam Delap,Hull City,ENG-Championship,23.72418896844032,84.63745176735408,34.313243944307,86.71075593771386,76.87042303654962,42.116174388246336,21
Ozan Tufan,Hull City,ENG-Championship,21.983783697429597,36.53930115092551,81.6387691077448,52.914910268431555,81.63409488859138,50.51977793201362,29
George Hirst,Ipswich Town,ENG-Championship,42.45109905260671,54.54555505442917,38.66632712283868,48.10373015987183,73.9381572259679,65.9715630072454,25
Kieffer Moore,Ipswich Town,ENG-Championship,62.939759506078765,44.398039875786715,48.732995016775575,42.315756967875416,62.607747949519776,82.46719697541842,31
Georginio Rutter,Leeds United,ENG-Championship,27.106135567634333,71.58861125854216,64.15584558705025,82.5954264398972,92.10889111092432,56.244600046534345,22
Patrick Bamford,Leeds United,ENG-Championship,55.742330806327466,38.94938896552379,48.03935472024965,47.10013803793581,58.95906624581508,58.047779356727546,30
Jamie Vardy,Leicester City,ENG-Championship,61.63169574468207,29.80259499112643,53.5466997820134,25.51631273288535,68.4724725387587,60.046215324659514,37
Kelechi Iheanacho,Leicester City,ENG-Championship,31.68439313017109,32.12846024734359,66.60867675228187,56.11156192217256,78.23524830277555,21.430424880682214,27
Patson Daka,Leicester City,ENG-Championship,44.836070704092734,21.193341426267036,52.964237437309535,35.31156443986948,73.00061529707956,38.33434146277083,25
Emmanuel Latte Lath,Middlesbrough,ENG-Championship,58.41543346762737,74.46178755761106,27.054158599348188,60.40033191302029,51.63144175425675,65.3333681106367,25
Josh Coburn,Middlesbrough,ENG-Championship,29.61032934575404,81.76491737195947,44.90221150742833,56.21312202579807,65.67887749083197,68.66485542543965,21
Sam Silvera,Middlesbrough,ENG-Championship,26.142179915821245,73.62609867990824,61.18628346488484,89.7710473149629,66.88299644056663,33.625194632587494,23
Duncan Watmore,Millwall,ENG-Championship,35.395157271627866,80.05855660120977,44.074419334115625,84.51558183153975,79.53438287542379,45.397888523047826,30
Kevin Nisbet,Millwall,ENG-Championship,36.59313135975196,56.641163911505835,65.18563685083724,49.87504395650595,62.68477028254835,72.92653817729598,27
Michael Obafemi,Millwall,ENG-Championship,33.45847837746195,65.61832136990535,20.42612676189176,62.49019928292833,55.17530692567113,37.19787729902917,23
Tom Bradshaw,Millwall,ENG-Championship,34.096019484589256,59.30818403394257,31.24857136527289,27.506781015104025,60.453702041447464,82.07025402288647,31
Zian Flemming,Millwall,ENG-Championship,8.074566100110985,56.392563326207444,97.87111096914572,59.7269627824238,73.53987386380146,70.76151044219526,25
Adam Idah,Norwich City,ENG-Championship,28.398550166475502,65.65324579823873,50.28747010535376,62.4336766504338,61.26385800212169,53.40367044933873,23
Hwang Ui-jo,Norwich City,ENG-Championship,31.376396673251588,39.64996308648702,70.6492983855458,45.253908007451464,52.195488989097484,47.28425579286959,31
Josh Sargent,Norwich City,ENG-Championship,62.8849359826677,56.917776708929566,50.159071308511884,58.71295391539591,80.92110539199344,56.71599169703122,24
Liam Gibbs,Norwich City,ENG-Championship,38.8665177709816,44.57037795535142,73.4350214830319,52.72138846799959,67.6147204669545,29.262006915101807,21
Ben Waine,Plymouth Argyle,ENG-Championship,33.20833725761921,59.747569950630364,39.27553847035365,36.69548376086606,60.380497466587556,76.19737847961146,22
Mustapha Bundu,Plymouth Argyle,ENG-Championship,34.635272482644616,89.62471972892148,79.37632679587381,82.64103009569918,74.64657368996818,62.818458024123544,27
Ryan Hardie,Plymouth Argyle,ENG-Championship,63.35249689747459,87.31014486161955,38.34301757049073,65.6596306841268,62.026828122212486,79.62069856182211,27
Ched Evans,Preston,ENG-Championship,10.470947068313885,44.43343734941155,42.85499707531044,29.863464678219394,52.73611800149253,59.19369413683822,35
Emil Riis Jakobsen,Preston,ENG-Championship,47.16817565698493,71.77104390855689,33.12212738947549,58.01211198288638,53.03679008564403,69.95603182721193,25
Milutin Osmajić,Preston,ENG-Championship,29.52681321600667,63.66971304279987,25.364357414274686,44.63137441024538,34.42808030302716,61.43601982684862,24
Will Keane,Preston,ENG-Championship,41.759415627283566,32.76342272742426,51.01077564512671,29.54674760805998,43.113056452610756,66.64211195943797,31
Lyndon Dykes,QPR,ENG-Championship,17.38371008885734,56.2088079837606,56.36694176240869,38.12369549813078,58.36732405750221,94.05538930435291,28
Sinclair Armstrong,QPR,ENG-Championship,33.79666155190546,100.0,31.555997468027623,82.98124275900219,58.675346368112955,61.7095326320122,20
Charlie Wyke,Rotherham Utd,ENG-Championship,30.135209888640702,13.12282339751823,9.662105773141562,8.188994394677632,33.48496230517181,80.06315852272024,31
Jordan Hugill,Rotherham Utd,ENG-Championship,22.91581645839789,48.52610378287986,42.750263953338326,29.19376505342862,63.437541826125674,97.56027100364211,31
Sam Nombe,Rotherham Utd,ENG-Championship,17.817835259929403,88.06281574444354,28.59915359239044,63.345899454463364,56.8223238062164,84.63328494147339,25
Tom Eaves,Rotherham Utd,ENG-Championship,59.65844328466582,58.166858809995794,30.713446863390047,33.15234370717051,52.17794608535162,84.26605637120281,32
Ashley Fletcher,Sheffield Weds,ENG-Championship,31.385157311071342,67.02618613598244,21.727171477270893,29.35756462565517,41.83557517376683,67.56526694998797,28
Bailey-Tye Cadamarteri,Sheffield Weds,ENG-Championship,41.53144501415669,59.768540470073205,12.889088446722347,38.852054136179994,58.49814057867169,73.25254725492928,19
Ike Ugbo,Sheffield Weds,ENG-Championship,48.210919860435176,46.69868538588579,46.311266844835274,45.45003276072873,64.78310565791728,64.78312775454037,25
Lee Gregory,Sheffield Weds,ENG-Championship,18.48423793146872,51.51358097657764,19.97698448816045,39.92252956778516,56.00490708559403,58.57018419917769,35
Michael Smith,Sheffield Weds,ENG-Championship,36.91334740618799,26.722971415877588,40.471709435307645,21.574434794533364,54.74530829220969,83.18910642502941,32
Adam Armstrong,Southampton,ENG-Championship,43.030665595670236,40.65741474128124,71.15174680641161,61.14451684320367,76.21357824519251,36.036541953245646,27
Che Adams,Southampton,ENG-Championship,40.014821501286185,17.596582447934164,73.25117840406357,33.9682354364788,78.82278122828549,44.02674459214509,27
Sekou Mara,Southampton,ENG-Championship,42.51228997248388,67.31064774340426,46.74380318940544,69.30577824620285,64.93459639822812,51.494481645544056,21
Niall Ennis,Stoke City,ENG-Championship,31.886280987022854,66.30329558738671,0.0,47.39811271251237,34.56929502069503,57.98958076505779,25
Ryan Mmaee,Stoke City,ENG-Championship,39.114413218965645,65.6124176735515,50.82665549676615,63.28583993870242,71.47724683545715,66.41451869424358,26
Tyrese Campbell,Stoke City,ENG-Championship,51.244990765706675,70.27262550495487,63.41623895816202,73.91637862060558,76.94188790044302,44.47260892159204,24
Wesley Moraes,Stoke City,ENG-Championship,18.095330637701533,45.11107348957,43.92478732989963,30.269325966547267,77.72651324545741,69.66801030409262,27
Bradley Dack,Sunderland,ENG-Championship,33.81286021432662,0.017938420825418574,80.8334548156946,26.250795077953278,85.72468320853417,10.726824860730591,30
Luis Semedo,Sunderland,ENG-Championship,12.144871757458118,30.863619314356296,38.03358267633278,46.17990765514978,43.11888089834988,42.366101818732425,20
Mason Burstow,Sunderland,ENG-Championship,0.0,47.02339406263929,60.13188394915667,45.810430525623396,70.93349859548636,57.36359851094033,20
Nazariy Rusyn,Sunderland,ENG-Championship,37.00660602901184,57.21998404069719,32.87118291164989,50.63625338711698,52.43562652654743,51.2040579588255,25
Jerry Yates,Swansea City,ENG-Championship,17.11763382174984,30.210553041743005,31.70388472076791,21.959031324429322,62.76642519143947,66.13883233468546,27
Liam Cullen,Swansea City,ENG-Championship,15.957577144469798,38.575786254373405,63.263958179687364,36.97042290031247,77.10278796991959,64.70327670798251,25
Emmanuel Dennis,Watford,ENG-Championship,56.86365964840044,75.48315387162641,30.97605915740275,81.93594673240958,67.47463399154341,56.06853389496802,26
Mileta Rajovic,Watford,ENG-Championship,41.181610438432955,17.811943058354856,53.51258845403407,17.834117355104247,57.45004200379895,75.92633382199422,24
Vakoun Issouf Bayo,Watford,ENG-Championship,25.74851107290708,46.148205539928014,52.8083184091856,42.9930369483539,70.99328505692127,68.2204127609069,27
Brandon Thomas-Asante,West Brom,ENG-Championship,30.40225614190113,68.69171319152075,44.521644639950544,59.612592981250344,53.57962892614788,57.085831703635016,25
Aloísio dos Santos Gonçalves,América (MG),BRA-League,50.37762239879344,30.00389457982658,49.208998692291736,56.117466964392015,66.21866409234842,45.018748505114836,34
Felipe Azevedo,América (MG),BRA-League,26.005717785171516,56.431161760055595,64.50778254024414,76.40724075446654,76.84301557202545,57.219492450865694,36
Gonzalo Mastriani,América (MG),BRA-League,56.7296324575815,29.135674582225633,55.32002981551214,36.96226206850744,68.12781004899936,76.52676736367783,29
Renato Marques,América (MG),BRA-League,39.91253285020807,68.70869524826256,73.14576733471705,73.87593126489662,72.42815132940216,53.377748324800024,19
Rodrigo Varanda,América (MG),BRA-League,43.04826323649238,71.57874330549589,68.0800576935305,92.34797323581225,91.28356499860135,39.59389070480382,20
Pablo,Ath Paranaense,BRA-League,38.38576051010466,38.04793252313012,78.55634254406287,50.34329376033683,81.73207755541861,59.7449594518462,30
Vitor Roque,Ath Paranaense,BRA-League,67.92047658861986,79.68514338051462,29.683873420803547,78.3666844196193,67.97876931234782,60.7081252542066,17
Willian,Ath Paranaense,BRA-League,56.81836928586318,39.56463932182388,60.761235803537495,48.71107172552643,68.13832518426783,41.51249968281165,36
Eduardo Vargas,Atlético Mineiro,BRA-League,36.847556202204196,58.11585678318932,63.728118173010465,54.629122110838054,85.96011604329328,55.34946402296372,33
Hulk,Atlético Mineiro,BRA-League,22.130057587559325,61.326001493781256,73.5973355309706,82.51730133982647,82.30367704742608,56.127409382956714,36
Paulinho,Atlético Mineiro,BRA-League,50.33824341325792,56.59253441708094,73.51251188223486,81.79953233486505,73.42670269215579,45.162604341511305,22
Everaldo Stum,Bahia,BRA-League,30.48677658480826,64.09293774222722,58.35335038037376,60.604205885319395,80.91936362548941,80.56215640510547,31
Vinicius Mingotti,Bahia,BRA-League,25.445781555010377,23.0747250162621,24.738248089050934,17.524814499611505,76.54568298858132,55.76575329177484,23
Diego Costa,Botafogo (RJ),BRA-League,55.83600031877934,68.83851807434901,55.639934196502935,53.95466970369745,44.869419493194336,68.74666625053037,34
Tiquinho Soares,Botafogo (RJ),BRA-League,42.23750058960448,42.99056790771626,63.31823360392528,50.98089794287208,75.32221298376005,76.03501815834382,32
Roger Guedes,Corinthians,BRA-League,34.85892740381979,63.94264955587455,82.86074617504165,78.42290181226477,68.01724327415532,49.74156606877506,26
Yuri Alberto,Corinthians,BRA-League,34.77547912032981,59.48173724832606,51.25124984877147,56.06602113814137,56.86459636999399,72.5854500525515,21
Alef Manga,Coritiba,BRA-League,48.36387582017505,75.18847972119862,71.61551217611168,86.86330689477741,86.27428284388935,46.80785113541169,28
Diogo,Coritiba,BRA-League,29.900797090974578,46.09481521458965,49.59713086846738,38.96093223104882,68.46253312470301,76.5736474608955,26
Islam Slimani,Coritiba,BRA-League,44.805680077384096,19.30443564891872,52.52797531930066,18.582785223911447,64.13247210531064,67.48336049994732,34
Zé Roberto,Coritiba,BRA-League,22.748063085562638,57.33451718415316,52.23841342131751,58.153810378806405,76.63242061605065,69.9110873045936,29
Bruno Nascimento,Cruzeiro,BRA-League,17.364458657384766,65.73004123326834,68.3129271189366,85.83654829680269,80.45453339542827,49.49802628463184,25
Gilberto,Cruzeiro,BRA-League,34.97531431625211,30.96898955074111,66.66734728717051,34.48472084731757,57.44938111368869,60.42360861508421,33
Rafael Elias,Cruzeiro,BRA-League,43.224399138091954,52.42607420809353,44.46338097372699,52.11971588663159,72.23989270863478,59.3586368109662,23
Deyverson,Cuiabá,BRA-League,43.726254382362264,34.8012750680693,53.30201405490544,39.27442946112099,68.39382658723883,87.68159936875637,31
Isidro Pitta,Cuiabá,BRA-League,55.810175489403726,77.73618801366486,62.520871840938455,79.42266581322511,64.88152607931362,63.448095928558764,23
Gabriel Barbosa,Flamengo,BRA-League,13.109085965781825,21.845355371040153,80.16312924210077,53.99030768027635,70.03988922863877,14.076754632986438,26
Pedro,Flamengo,BRA-League,28.97425272155193,27.747943467586094,45.15047617001067,35.71118195578546,67.56587587601153,56.003932339814334,25
Germán Cano,Fluminense,BRA-League,15.873585536121016,14.490031482593846,74.87221374704872,31.758553322912974,50.03588586834975,36.045036944066645,34
John Kennedy,Fluminense,BRA-League,42.7074503634778,52.26656662044504,33.57530840055667,71.59641384018461,67.32753003969465,47.48783216721995,20
Lelê,Fluminense,BRA-League,40.97348182909133,71.23493966139071,37.734593940468315,61.54903219912157,67.00605054526665,68.3058926245595,25
Yony González,Fluminense,BRA-League,47.45502005359304,21.097421757051396,28.30035174499539,14.766954141887192,70.1803476540431,64.67879260312678,28
Juan Martín Lucero,Fortaleza,BRA-League,33.46427472983574,44.366040673471275,54.91398097006845,47.60637513529852,66.95637382946389,61.86994568915942,31
Thiago Galhardo,Fortaleza,BRA-League,29.716014424532023,48.95675256704707,70.38494199352567,64.36397834688715,85.39484297170962,64.35577692155105,33
João Magno,Goiás,BRA-League,35.454911314749474,73.17674579966837,37.08528307970947,52.99339397225946,74.47518039577635,85.055155508203,25
Matheus Babi,Goiás,BRA-League,44.62251864378599,26.78160495047876,46.361734845507044,25.4853925519568,48.052800462701626,82.42678905032814,25
Matheus Peixoto,Goiás,BRA-League,19.28871613569345,32.49144749797396,51.308333035450126,20.006897553775513,61.9065886035133,76.01835392283695,27
Luis Suárez,Grêmio,BRA-League,54.43723493253479,23.08006440224684,70.86088804918165,57.3094232313296,85.88584076559457,45.99768557358693,36
Vinícius,Grêmio,BRA-League,24.58705836701903,33.10724690332103,93.68833109549415,61.11334844342515,83.69176342041119,42.26664177288952,31
Enner Valencia,Internacional,BRA-League,64.94846970715426,86.69620181370954,33.18130185707383,81.72216952571621,64.39305950202777,62.77049497363044,33
Lucca Holanda,Internacional,BRA-League,15.476057229648262,71.70125610304322,32.96704071023775,58.98716112314845,46.13728237052322,56.147579005812275,19
Luiz Adriano,Internacional,BRA-League,14.113839642222404,3.136767176598658,53.14846336903341,2.4523994945459826,73.4973980240419,65.69594493289185,35
Breno,Palmeiras,BRA-League,43.26341587226324,75.54434657022293,72.1265336114713,79.12086017472393,60.41174931322668,53.43784552849643,27
Endrick,Palmeiras,BRA-League,51.98792547324723,80.99737296890167,58.127655630353914,89.05707278572744,75.11070329315059,50.68749643395515,16
José López,Palmeiras,BRA-League,69.41490490122113,74.15213324870484,59.134731853291655,66.30117364213972,84.79905926753378,76.09242385538526,22
Rony,Palmeiras,BRA-League,44.836553754522086,55.992126219735695,40.293424468286766,38.980427461643856,74.20997663352817,65.60957447779269,27
Julio Furch,Santos,BRA-League,67.25557708933695,35.78297617715203,54.665248931704916,52.20742282027434,65.62172644124782,73.42828357620182,33
Marcos Leonardo,Santos,BRA-League,41.14502041407618,61.26500291136835,51.31199920160725,61.115952297120145,77.19979867495508,63.097470317780115,19
Maximiliano Silvera,Santos,BRA-League,54.597214122275886,53.707246856768506,44.9292882434857,74.5200379913306,58.33610427451945,30.547241341850928,25
Jonathan Calleri,São Paulo,BRA-League,52.86439930179401,53.8387558228067,34.874111282047664,42.14251457378717,66.7351829263636,76.31082791593668,29
Juan Santos,São Paulo,BRA-League,18.965030921611483,74.92111888700295,39.45395902907612,69.48663702424103,83.81761626097766,53.80131121646768,20
Pablo Vegetti,Vasco da Gama,BRA-League,62.346347665153836,37.7176731241681,53.34757400880276,16.00203002121191,39.71003589612933,91.62917128609584,34
Pedro Raul,Vasco da Gama,BRA-League,43.550767496912165,38.30307864372357,44.400072872146026,30.43975475174229,74.45560269554761,75.6671121440563,26
Cristo González,Arouca,POR-League,29.985198914859946,41.15335977074275,83.75168063290357,70.80422637751812,88.75393970998088,34.58545425590713,25
Rafa Mújica,Arouca,POR-League,64.02225219400476,67.1672587492055,39.05186331841297,64.92965553123096,65.8256999356356,56.81206705986014,24
Arthur Cabral,Benfica,POR-League,57.51920129510074,64.28092535390871,31.67571874051034,61.22333787959413,65.43248732114104,62.73971440582648,25
Casper Tengstedt,Benfica,POR-League,62.19007108669241,77.38116691236225,38.99866075683122,70.54592260980498,80.94975345877432,49.26559639443857,23
Petar Musa,Benfica,POR-League,68.42341314990877,43.17864021231882,56.493626891742835,49.52020920203531,64.15471360805802,42.87239934528797,25
Martim Tavares,Boavista,POR-League,18.664671869558592,30.677622943194184,33.63064031225372,35.26065388633726,66.2254953417312,47.250740120011244,19
Róbert Boženík,Boavista,POR-League,46.98951155931724,48.66900717912449,51.86545154656622,36.36264156429803,57.338192525216236,74.3489966206712,23
Abel Ruiz,Braga,POR-League,32.603819546661406,48.391552038962516,48.59232586523312,46.22992385280186,71.5200313331848,46.745941198266856,23
Simon Banza,Braga,POR-League,79.17966864058764,38.663942421358605,21.389355846508632,32.453012485659,60.933304723940516,78.29413274121025,26
Clayton,Casa Pia,POR-League,39.17431942187454,68.29183824746154,52.49142475735088,63.20258881043117,68.12651321971738,73.41310566577977,24
Felippe Cardoso,Casa Pia,POR-League,44.45776704599655,50.533205855167736,31.80689526824293,48.65622873831874,58.24292670950737,72.99998029248907,24
Fernando,Casa Pia,POR-League,33.61593237416622,53.60853756501416,44.8642581654285,63.603050337092625,46.10086280412192,43.43078934088088,30
Héctor,Chaves,POR-League,31.541137302608263,33.50926931413344,67.3521370179485,30.17563003793719,40.761998992326525,83.90648593484525,27
Jo,Chaves,POR-League,48.11648191454116,50.739679143703206,32.35826411908451,45.243056850048944,34.62000868763868,87.81701408382693,28
Paulo Victor,Chaves,POR-League,34.87296901356326,73.01312611218414,27.76410946124082,65.478393037488,78.5270685915705,63.77320908620682,22
Alejandro Marqués,Estoril,POR-League,53.37007270414127,25.749955279806663,31.36874317534052,20.944790921821387,45.186729098762314,64.06835377525381,22
Cassiano,Estoril,POR-League,42.53690019233773,42.684961467977125,26.880381684469175,26.012169282054074,65.15101674762666,72.94728835373316,34
André Inácio,Estrela,POR-League,39.69688884476141,79.08844255713149,45.24938378610529,85.31927931785286,56.57240888606463,53.30619709522231,21
Kikas,Estrela,POR-League,48.71373951837798,44.765256872174234,61.869518309128736,44.86043096316161,76.81681492692081,62.43403889506878,24
Ronaldo Tavares,Estrela,POR-League,60.80014193240319,85.11889589232479,27.22832148945083,73.57150481639202,67.09388637692005,71.94674684102405,26
Henrique Araújo,Famalicão,POR-League,17.619268140514567,45.45716782028809,46.03083016358831,48.292214527417734,66.1799172745152,68.09895720517761,21
Jhonder Cádiz,Famalicão,POR-League,51.7794888888096,54.69310034403968,60.66001688677295,45.68078878147103,59.083852644711385,88.83971083047997,28
Bruno Duarte,Farense,POR-League,43.683590404689994,87.3048528740064,62.55061905988214,70.67536995164784,81.74205591735794,88.81970812101898,27
Rui Costa,Farense,POR-League,40.94099261091184,84.62124348100673,58.31416342669259,71.66671447656236,76.75947411397182,64.76096779718327,27
Zé Luís,Farense,POR-League,45.58518915645842,70.5550381865981,63.747288948981385,62.39987747964081,75.2056587072008,82.68369504862753,32
Ali Alipour,Gil Vicente FC,POR-League,29.54724895369676,57.30352406808623,33.259808754428136,44.76746134030302,65.23812026116673,67.30223581492758,27
Depú,Gil Vicente FC,POR-League,48.08007651304004,53.835156562180444,26.219112043744776,44.259210124065625,33.31094858659879,77.71763743083648,23
Roko Baturina,Gil Vicente FC,POR-League,32.7821756643396,39.572256978329335,39.58720931352874,39.63516118516907,50.33877273918451,75.25519880066078,23
André Luis,Moreirense,POR-League,28.16889313988603,62.31289600778275,57.423234064616366,51.60914226126737,82.51059880313014,86.26517677889761,29
Luismi,Moreirense,POR-League,,,,,,,22
Vinicius Mingotti,Moreirense,POR-League,59.40172577113023,0.0,3.16380648923888,11.001980938439026,44.95402666993943,64.77420750953699,23
Hildeberto Pereira,Portimonense,POR-League,41.825294004724164,68.94789682143319,39.56753606950357,65.98096566999035,73.79955465495671,61.03029092549318,27
Rildo,Portimonense,POR-League,14.481967639599397,55.84424975609894,44.53567662934705,56.81118126284046,49.19379132743036,53.3354932960428,23
Ronie Carrillo,Portimonense,POR-League,30.49246576765815,42.77203106422553,46.72711569144635,42.249699796280225,77.75926727690018,69.2235092450485,26
Evanilson,Porto,POR-League,62.41492936471026,54.765645783779874,51.25758009891206,60.32222015708609,79.60734666093401,57.231127219082424,23
Mehdi Taremi,Porto,POR-League,41.83195035665035,51.53110309372452,48.502329871056375,60.14254688063853,82.2572505799026,61.58532598230342,31
Toni Martínez,Porto,POR-League,67.16818330086402,52.115539248056066,40.21971870739628,25.41641263494397,63.60283525801991,75.44740787788709,26
Abdul-Aziz Yakubu,Rio Ave,POR-League,26.74583597247187,41.30786976244485,26.917022538830786,37.33496074835853,73.66042910913622,66.68543657705166,24
Emmanuel Boateng,Rio Ave,POR-League,47.281964940129434,68.98445376078499,41.23727167212084,58.10902398465567,60.429064167554,78.68392685947796,27
Leonardo Ruíz,Rio Ave,POR-League,30.60393030479781,26.81766415283843,63.90266390618874,35.454484883766696,41.6111819312661,60.946139824714585,27
Zé Manuel,Rio Ave,POR-League,42.3162225552148,38.61022772018783,45.80963501553552,56.209525855365264,70.13957655711708,38.275279581350425,32
Viktor Gyökeres,Sporting CP,POR-League,79.6835513916271,76.20727131418911,39.5387454906492,85.83495594759773,78.82714551959124,62.93021821035926,25
André Silva,Vitória,POR-League,45.512745363051344,40.60814767103268,60.76023776567088,42.717554491901176,75.40519044149562,66.53878652463825,26
Nélson Oliveira,Vitória,POR-League,35.64395439309276,52.45502639379178,50.06603186817756,46.24306406587221,66.71172526704667,54.42382114174797,31
Samuel Essende,Vizela,POR-League,57.22457372116121,70.69139148877814,40.072305317095164,56.475377292362374,56.72456883156255,88.5533391418174,25
Sava Petrov,Vizela,POR-League,44.2681641594378,88.92744585269098,40.03950068717905,83.69471555280373,35.206017355633584,50.641637459783375,25
Facundo Pons,Arsenal,ARG-League,28.2328684491222,43.50723829810862,48.10544332102703,47.25844598889529,56.10998095448387,77.36377947059795,27
Flabián Londoño,Arsenal,ARG-League,42.63993839263856,55.13158009360538,7.76096380986095,52.118261256121926,44.7217725100833,79.61802480684187,22
Luís Leal,Arsenal,ARG-League,49.57231175047053,71.87822139852581,46.48919993982814,66.16621273183142,49.29564072453672,70.08159113942799,35
Andrés Chávez,Banfield,ARG-League,45.320837071816705,85.91366221725067,45.41795689530932,71.56468549617358,53.60753746919846,84.63111033225704,31
Milton Giménez,Banfield,ARG-League,38.99032782775167,57.59811463680526,32.973860777014075,52.41163201571845,66.80664583421243,81.279006556918,26
Nicolás Sosa,Banfield,ARG-League,29.821222007776534,57.07100192686002,24.262765837067633,53.083646895871304,63.59282208697123,82.07922929090773,26
Sebastián Sosa,Banfield,ARG-League,35.12963762046537,38.80914057579041,49.38530857918969,29.954870149722694,79.09618737485565,88.86580936758992,28
Alan Cantero,Barracas Central,ARG-League,35.413850440077674,98.53373586178903,35.19201074779589,93.22388917655827,42.631804375503044,63.136556076377104,24
Alexis Dominguez,Barracas Central,ARG-League,24.01928184141485,46.57723556095307,43.39153220024051,40.924140121905594,49.18106961506115,79.80773920192068,26
Bruno Sepúlveda,Barracas Central,ARG-League,26.173003080966055,47.56425436857271,31.196632834441633,47.559835993264514,71.00551933398962,75.8933022994479,30
Ricardo Centurión,Barracas Central,ARG-League,19.241854723000298,68.24098225002052,75.55268131835733,83.93073930731212,64.55616636660436,42.15620631983515,30
Franco Jara,Belgrano,ARG-League,26.76055962516417,45.85483347313165,22.331447769780848,50.8272344295984,78.77894424068026,55.80311528513935,34
Pablo Vegetti,Belgrano,ARG-League,50.305773603713845,52.235795256814164,51.855180289253965,41.61243042251348,54.32959559385182,89.91789346230912,34
Darío Benedetto,Boca Juniors,ARG-League,26.5488727992011,22.200687700355594,47.74337068249874,26.64096121223192,64.55523221117573,55.357108312558,32
Miguel Merentiel,Boca Juniors,ARG-League,41.28141778074538,47.467015170601584,64.60768967597468,52.0632952270801,56.117347040742985,54.1327653543351,26
Facundo Farías,Colón,ARG-League,27.859288742052556,64.18124489192765,61.33684242150304,91.4978189344859,76.04473974884019,9.455269624206432,20
Jorge Benítez,Colón,ARG-League,32.13095677774618,63.40951493511425,58.30519875121537,71.95208984391864,46.99480363144086,72.28048712046767,30
Ramón Ábila,Colón,ARG-League,53.354899823788585,39.0927214842993,40.20147656555725,55.42335364750425,78.79621357024689,49.25403995316592,33
Santiago Pierotti,Colón,ARG-League,20.97717186482745,79.90739809379545,26.285582061764046,87.8115048649246,65.93274801343178,72.11049726551654,21
Nicolás Fernández,Defensa y Just,ARG-League,43.39073793317433,39.33191760630297,58.53156754886059,62.20893692893611,81.90858016885038,47.23745876944795,26
Benjamín Rollheiser,Estudiantes,ARG-League,15.943567231965778,56.6970565519126,100.0,89.80152669102078,83.98368003551053,32.7974529224124,22
Guido Carrillo,Estudiantes,ARG-League,29.81627231829608,39.42801550105956,57.3889055843783,30.078545021272202,82.75088906941187,90.28324982332406,31
Mauro Boselli,Estudiantes,ARG-League,47.793392345174524,14.942818163350823,56.796343980112454,13.92103911562188,67.9261479122169,78.17813742089038,37
Mauro Méndez,Estudiantes,ARG-League,53.58169225124961,44.999722670885454,53.85614042912273,43.197712641010455,44.08840148124141,74.64983639004107,24
Salomón Rodríguez,Godoy Cruz,ARG-League,44.87675623290078,61.7499468140173,52.256872905531935,57.9274425309208,78.29972824803401,77.33367776293167,22
Tadeo Allende,Godoy Cruz,ARG-League,40.94668591831942,73.72780515240616,76.19580358425802,83.48178432649974,80.48188441738489,72.06356564876192,23
Martín Cauteruccio,Independiente,ARG-League,39.273580091182794,51.18372677458576,48.508142119115696,47.336273656785664,74.91380288398759,72.7559697137847,35
Matías Giménez,Independiente,ARG-League,35.091411318651325,72.76412421125521,49.77495355992871,70.38834862551697,80.21077935264456,79.42843125030411,23
Adrián Martínez,Instituto,ARG-League,63.22093042915681,56.979821897298244,43.93096628537333,52.9866237361963,75.76361108385989,76.75326870911553,30
Axel Rodríguez,Instituto,ARG-League,51.092563376664124,68.16579546579476,39.681274596455744,63.92929378468537,24.44002203921319,68.20579860104947,25
Santiago Rodriguez,Instituto,ARG-League,19.504564347252522,56.95117379003697,73.98841262393611,80.64562855412075,80.84754327732075,30.618285234161473,25
Leandro Díaz,Lanús,ARG-League,32.02367079499851,41.65329415049264,62.39073576720082,40.18134778815753,67.46946776991257,79.73044120682053,30
Djorkaeff Reasco,Newell's OB,ARG-League,17.57572472341906,49.30814295771751,43.97360937928316,45.21301529208183,59.378552137548155,70.20162218725486,24
Jorge Eduardo Recalde,Newell's OB,ARG-League,20.736125390252074,34.0180617506932,68.2884449326237,41.387363123121936,66.52193063034946,68.52622416402157,30
Ignacio Schor,Platense,ARG-League,34.73129702838371,97.43971414006086,12.672979981304506,94.59101601191804,48.682696970063624,56.74882253672071,22
Mauro Quiroga,Platense,ARG-League,35.934107565475934,10.323051882617213,35.83265681160093,5.251045644613586,91.50139176793238,94.97685440433456,33
Nicolás Servetto,Platense,ARG-League,45.84180941272483,44.902991486675035,52.3359174761557,42.85030358608402,64.55928510132729,81.43028627174496,26
Ronaldo Martínez,Platense,ARG-League,33.54782457231589,73.1643958588932,55.31386870092804,69.32608846740811,67.34999831676235,81.13956269756648,26
Vicente Taborda,Platense,ARG-League,10.54643417420809,60.89954074002032,64.36634522114838,96.29307086728093,88.20556951423131,33.996595149902966,21
Maximiliano Romero,Racing Club,ARG-League,28.321205460541044,40.64528979571939,36.11231398603867,25.358825001983163,57.2321329355003,66.20542410868156,24
Nicolás Reniero,Racing Club,ARG-League,38.33019375189098,52.88868838334966,53.893495535935756,51.728546799489486,79.15745197727901,66.13025867726404,27
Paolo Guerrero,Racing Club,ARG-League,34.38006047042334,40.16806015423166,51.03855908628585,42.39060510556782,62.309790519454324,79.65381131307727,39
Lucas Beltrán,River Plate,ARG-League,54.133998198833964,47.84611650421737,38.67929580784703,61.186104276857215,87.85043185073948,54.360931894236565,21
Miguel Borja,River Plate,ARG-League,39.0840398276027,43.94924729203356,41.362633540585946,40.02931972342851,64.55919625903783,66.12117956859666,30
Pablo Solari,River Plate,ARG-League,42.88070606956495,57.98050217075904,54.60100266142872,83.34730154084353,85.81174376437535,35.154075425000364,21
Salomón Rondón,River Plate,ARG-League,41.49607179918634,32.65967330477989,44.38681782111468,30.62826396022545,63.11490919663952,69.74521632704413,33
Adam Bareiro,San Lorenzo,ARG-League,37.33479560939423,53.07011821019526,43.765159088783115,52.54880175038687,55.90785836478063,89.97462495338043,26
Javier Toledo,Sarmiento,ARG-League,56.14374757404247,46.39458430897402,46.80579258084459,40.20639043378946,78.46937434710307,100.0,36
Lisandro López,Sarmiento,ARG-League,37.76841174812876,63.0679256261541,77.29535134934655,72.32334511857887,91.11593225431092,63.336217382375516,39
Lucas Melano,Sarmiento,ARG-League,45.29230734998134,85.60483290515931,53.85055385490295,91.13008991776537,88.77058971162324,58.95486665584859,29
Luciano Gondou,Sarmiento,ARG-League,43.57997987214069,86.38888875351411,58.79725718807715,75.3352660535089,82.33066354746403,82.5523540863661,21
Michael Santos,Talleres,ARG-League,83.13113796585156,52.09417071821035,35.005436670956136,53.49596803510024,62.88570986603534,64.79317683095942,29
Nahuel Bustos,Talleres,ARG-League,66.75435685185586,52.442051109220685,75.66608777853757,68.17646340653539,63.76531787563621,48.080515366498595,24
Blas Armoa,Tigre,ARG-League,30.858384147139027,65.75374419293615,51.19136702161774,68.6275635247786,72.75188158434682,55.075216563975275,22
Mateo Retegui,Tigre,ARG-League,48.04948175997747,60.18887714516844,45.1438177378646,52.222250982744576,64.37051812054654,77.54882045596624,23
Tomás Badaloni,Tigre,ARG-League,38.051435724859154,38.79280940548788,34.53878832711641,35.68173515505012,67.5399907175741,66.49134311502685,22
Abiel Osorio,Vélez Sarsfield,ARG-League,15.49343785297399,60.007351660466654,40.67192546100427,61.09646548729215,59.628120387255834,76.44668066433022,20
Lucas Pratto,Vélez Sarsfield,ARG-League,23.30688555121658,63.8238330499302,47.04546802984606,65.77633502772794,61.72528630458671,78.38267177231069,34
Santiago Castro,Vélez Sarsfield,ARG-League,23.24988326245028,68.33507934582693,45.854975767748776,69.68825098656329,42.02556885662995,69.11397654855409,18
